id,name,surname,phoneNumber,emailAddress,companyName
1,Maïlis,Hearnah,5184859600,phearnah0@state.gov,Buzzshare
2,Amélie,Grinin,7554047486,cgrinin1@cmu.edu,Realcube
3,Cléa,Goodoune,4853921815,ggoodoune2@shinystat.com,Quire
4,Danièle,Simione,8049967487,csimione3@auda.org.au,Feedbug
5,Kévina,Hathorn,9068916569,hhathorn4@cornell.edu,Youspan
6,Anaëlle,Garbett,9994062819,tgarbett5@photobucket.com,Linktype
7,Béatrice,Cruess,3565858367,ccruess6@businessweek.com,Linklinks
8,Eléa,Graben,3029690204,cgraben7@economist.com,Quatz
9,Nélie,Tomaszynski,8517507845,ttomaszynski8@geocities.jp,Devshare
10,Maïwenn,Imlacke,6132212507,aimlacke9@ibm.com,Thoughtbridge
11,Océane,Szymon,5599472521,cszymona@free.fr,Agivu
12,Loïs,Cotty,1522491574,ccottyb@quantcast.com,Zoombox
13,Aloïs,Lorkins,1003544277,slorkinsc@istockphoto.com,Voolia
14,Desirée,Hylands,1155915770,dhylandsd@taobao.com,Bluejam
15,Mahélie,Varcoe,4378433892,fvarcoee@hugedomains.com,Digitube
16,Táng,Manicom,6705094351,jmanicomf@yelp.com,Thoughtbeat
17,Camélia,Pane,2007560108,fpaneg@reuters.com,Twiyo
18,Gaïa,Hundell,5849560655,ahundellh@jimdo.com,Aibox
19,Börje,Surpliss,9598005334,msurplissi@yolasite.com,Realblab
20,Bécassine,Castelot,1764841745,ccastelotj@msu.edu,Kanoodle
21,Björn,Demange,1369744662,idemangek@cocolog-nifty.com,Meejo
22,Laïla,Scotter,1041601782,bscotterl@51.la,Ntags
23,Sélène,Southcott,3717495130,ksouthcottm@gmpg.org,Thoughtblab
24,Maïlys,Domenge,7837241990,kdomengen@soup.io,Ntag
25,Märta,Bantock,5302670311,mbantocko@smugmug.com,Wordpedia
26,Gwenaëlle,Michelin,7191111957,bmichelinp@twitpic.com,Wikivu
27,Léane,Manzell,7884151086,nmanzellq@telegraph.co.uk,Jayo
28,Célestine,Skelington,8033855475,eskelingtonr@blogger.com,Twinte
29,Kuí,Epine,9519342448,eepines@paginegialle.it,Zoomdog
30,Nuó,Hollebon,3223972514,bhollebont@wsj.com,Eabox
31,Táng,Cristea,2921487323,mcristeau@sina.com.cn,Jazzy
32,Maëlle,Howsley,9863133554,ahowsleyv@yahoo.co.jp,Ozu
33,Salomé,Acosta,4831489560,dacostaw@fotki.com,Skynoodle
34,Tú,Fraczak,4939976369,zfraczakx@umich.edu,Livetube
35,Stéphanie,Heskins,5344474293,kheskinsy@jiathis.com,Yodo
36,Laurélie,Ikins,4718398132,cikinsz@uiuc.edu,Tazzy
37,Mårten,Champken,6986642681,gchampken10@state.gov,Livepath
38,Laïla,Salleir,9628524692,ksalleir11@hugedomains.com,Thoughtworks
39,Cinéma,Tweddell,8384337003,wtweddell12@wunderground.com,Divanoodle
40,Françoise,Bendall,3157594587,rbendall13@narod.ru,Skajo
41,Mårten,Curgenven,2404161333,kcurgenven14@yellowpages.com,Wordtune
42,Stévina,Fenwick,2949050527,jfenwick15@altervista.org,Browsezoom
43,Erwéi,Lamblot,7505244348,slamblot16@mapquest.com,Yotz
44,Aurélie,Gleave,7057455425,kgleave17@alibaba.com,Blognation
45,Garçon,Philipson,1129660891,ephilipson18@google.it,Ailane
46,Gisèle,Birkmyre,2809473093,ybirkmyre19@typepad.com,Yodo
47,Sòng,De Domenico,4517570901,ddedomenico1a@shop-pro.jp,Mynte
48,Félicie,Fanthom,1586111014,wfanthom1b@forbes.com,Tagopia
49,Styrbjörn,Collyear,6042435179,mcollyear1c@qq.com,Yombu
50,Gwenaëlle,Anstee,8148513590,ganstee1d@archive.org,Eimbee
51,Cinéma,Deppen,5069470070,tdeppen1e@state.gov,Leenti
52,Séverine,Liffey,1814410197,gliffey1f@msn.com,Flashspan
53,Göran,Cosker,8739771214,acosker1g@github.com,Topicstorm
54,Gaëlle,Hardey,6822548595,khardey1h@noaa.gov,Topicware
55,Anaëlle,Larrie,1213234673,plarrie1i@paginegialle.it,Voonix
56,Dafnée,Measures,4723555260,kmeasures1j@webmd.com,Aibox
57,Marlène,Grewe,4318638198,cgrewe1k@msn.com,Twitternation
58,Yú,Skippen,2581685064,lskippen1l@ucla.edu,Wikido
59,Vénus,Dumbare,3043532040,sdumbare1m@opera.com,Vinder
60,Yè,Geddes,9986126482,ageddes1n@fc2.com,Agimba
61,Aí,Fraczak,4608955153,cfraczak1o@php.net,Yombu
62,Gisèle,Pettipher,9885552147,wpettipher1p@cam.ac.uk,Kare
63,Publicité,Bussey,3048732356,tbussey1q@latimes.com,Divanoodle
64,Thérèsa,Badgers,9374453172,nbadgers1r@bloomberg.com,Youspan
65,Michèle,Eburah,3056044211,deburah1s@hc360.com,Topiclounge
66,Rachèle,Reyner,5369921914,greyner1t@mayoclinic.com,Trudoo
67,Judicaël,Garthside,5831601497,ngarthside1u@deliciousdays.com,Demizz
68,Marie-hélène,Fullwood,2809691802,rfullwood1v@google.co.uk,Brightbean
69,Cécilia,Battleson,9849235923,dbattleson1w@tamu.edu,Devcast
70,Lauréna,Scarff,8334899414,rscarff1x@wikia.com,Oyoloo
71,Tú,Dyshart,7197880093,rdyshart1y@devhub.com,Rhyzio
72,Desirée,Rumney,1293635494,jrumney1z@vkontakte.ru,Devpoint
73,Tú,Bashford,5493798782,ebashford20@angelfire.com,Linklinks
74,Mélissandre,Carlino,8696038742,wcarlino21@symantec.com,Reallinks
75,Laurène,Kleewein,3514972610,rkleewein22@weibo.com,Rooxo
76,Clélia,Barroux,5862956569,lbarroux23@marriott.com,Meetz
77,Ruò,Scamadin,2777489323,escamadin24@oracle.com,Dabshots
78,Mylène,Potell,8383650259,rpotell25@wsj.com,Ainyx
79,Zhì,Bachshell,3825713481,abachshell26@nifty.com,Tambee
80,Alizée,Gerhartz,2228691385,sgerhartz27@craigslist.org,Ntag
81,Françoise,Stanyland,8449845310,sstanyland28@qq.com,Katz
82,Miléna,Pitson,3228572064,epitson29@addthis.com,Topdrive
83,Maëlle,Anton,8412852528,ranton2a@cornell.edu,Realpoint
84,Torbjörn,Craig,7974211614,bcraig2b@dion.ne.jp,Yakidoo
85,Dù,Marchetti,6639724260,cmarchetti2c@seattletimes.com,Dynazzy
86,Desirée,Crippes,6121796225,gcrippes2d@whitehouse.gov,Tagfeed
87,Lyséa,Antalffy,7969343511,rantalffy2e@google.nl,Skivee
88,Dorothée,Keeffe,1113696927,dkeeffe2f@ning.com,Kaymbo
89,Naéva,Snyder,5539096179,osnyder2g@cloudflare.com,Brightbean
90,Liè,Saipy,1621928229,tsaipy2h@mediafire.com,Innotype
91,Göran,Hovell,2577330486,hhovell2i@oakley.com,Oyoba
92,Géraldine,Normandale,9496813253,snormandale2j@cmu.edu,Centimia
93,Aí,Barz,1865828859,bbarz2k@dagondesign.com,Kimia
94,Mégane,Phipson,7403756889,mphipson2l@buzzfeed.com,Skippad
95,Gisèle,Franklyn,5016335462,afranklyn2m@unblog.fr,Pixope
96,Naëlle,Philippault,2824462174,jphilippault2n@prnewswire.com,Gevee
97,Lucrèce,Cash,4682538578,rcash2o@foxnews.com,Zoomdog
98,Maëlle,McComiskey,9741870126,tmccomiskey2p@linkedin.com,Kwilith
99,Adèle,Cufflin,2738539937,lcufflin2q@sitemeter.com,Mymm
100,Méng,Litzmann,8705887480,alitzmann2r@samsung.com,Oloo
101,Maïlis,Bolens,2603189141,nbolens2s@amazonaws.com,Bubblebox
102,Stévina,Dubock,4166827202,tdubock2t@creativecommons.org,Jaxbean
103,Gwenaëlle,Lantaph,7771684447,elantaph2u@quantcast.com,Gigabox
104,Naëlle,Langeley,7079995767,rlangeley2v@networkadvertising.org,Dabjam
105,Maëlyss,Clooney,7283063982,tclooney2w@dagondesign.com,Zoozzy
106,Stéphanie,Gooly,2707390774,kgooly2x@twitpic.com,Blognation
107,Laurène,Rawson,5228992284,wrawson2y@t.co,Riffpedia
108,Maïlys,Janek,1391813969,ljanek2z@admin.ch,Rhycero
109,Léandre,Godilington,6157542664,ggodilington30@jalbum.net,Blogtags
110,Frédérique,Dewis,3863883833,jdewis31@bravesites.com,Flipstorm
111,Cléopatre,Laying,1255929088,llaying32@plala.or.jp,Ooba
112,Rébecca,Heersema,3805843028,wheersema33@cbslocal.com,Divape
113,Maëlla,Phelps,9608959912,lphelps34@people.com.cn,Fatz
114,Léonie,Allard,3778474535,mallard35@umn.edu,Feednation
115,Yáo,Goosey,4429992741,kgoosey36@pen.io,Thoughtstorm
116,Océane,Roostan,3527415116,oroostan37@noaa.gov,Kayveo
117,Géraldine,Core,6926394413,score38@skyrock.com,Mymm
118,Pò,Dockrey,6348191280,adockrey39@wikimedia.org,Tagchat
119,Aurélie,Grigs,2026362576,kgrigs3a@plala.or.jp,Ozu
120,Marie-josée,Kassel,9538215760,kkassel3b@yolasite.com,Devify
121,Lén,Grigoliis,1027648140,agrigoliis3c@cnn.com,Centimia
122,Ráo,Guilder,5023888308,dguilder3d@1688.com,Skyvu
123,Valérie,Henryson,6799195477,bhenryson3e@rediff.com,Skimia
124,Vénus,Huggen,5044326809,ghuggen3f@bbc.co.uk,Trupe
125,Océanne,Eilers,8688732407,meilers3g@4shared.com,Wordware
126,Josée,Ettels,5436785722,eettels3h@bbc.co.uk,Realcube
127,Danièle,Inglish,1935513248,ginglish3i@opensource.org,Kaymbo
128,Aurélie,Hayselden,1192085499,jhayselden3j@mlb.com,Eimbee
129,Åslög,Tolhurst,5626947237,mtolhurst3k@dedecms.com,Thoughtworks
130,Lài,Sollett,5649908766,ksollett3l@nbcnews.com,Gabtune
131,Frédérique,McClaughlin,4655596304,smcclaughlin3m@friendfeed.com,Twitternation
132,Lóng,Kervin,9006506270,ckervin3n@php.net,Wikizz
133,Måns,Malthus,9518846637,nmalthus3o@latimes.com,Trupe
134,Torbjörn,Frotton,7074416298,ffrotton3p@hibu.com,Leexo
135,Maëline,Buffham,7889759915,mbuffham3q@netvibes.com,Skyndu
136,Håkan,Dowrey,8172720379,ldowrey3r@acquirethisname.com,Gabtype
137,Görel,Saile,7239316761,wsaile3s@cloudflare.com,Mymm
138,Maëlyss,Tuting,5019035825,dtuting3t@ihg.com,Wikivu
139,Lauréna,Neillans,9314195145,dneillans3u@constantcontact.com,Fatz
140,Hélène,Durnin,5705100401,sdurnin3v@tiny.cc,Wikido
141,Aí,Enrigo,3088938652,renrigo3w@nps.gov,Thoughtblab
142,Örjan,Baggallay,8745491814,abaggallay3x@dailymotion.com,Zoombox
143,Nadège,Tanman,5233500679,ttanman3y@usatoday.com,Thoughtstorm
144,Marie-thérèse,Tassell,2583087866,ptassell3z@reference.com,Voomm
145,Célia,Crates,1116278833,dcrates40@ucsd.edu,Edgetag
146,Björn,Makeswell,4708948928,tmakeswell41@blogger.com,Feedspan
147,Solène,Ruf,8619475857,jruf42@pagesperso-orange.fr,Skinte
148,Eliès,Hainey`,9567817852,dhainey43@globo.com,Gigazoom
149,Loïc,Orman,7488748436,torman44@sfgate.com,Kare
150,Ruò,Gornall,3452430311,hgornall45@illinois.edu,Centimia
151,Naéva,Nabbs,1965007206,cnabbs46@mayoclinic.com,Youbridge
152,Intéressant,Iddon,1916490788,diddon47@weather.com,Rhyloo
153,Táng,Poznanski,4616638378,dpoznanski48@tuttocitta.it,Centidel
154,Lorène,Dawe,1309290560,ddawe49@eepurl.com,Buzzdog
155,Maëlys,Dewar,9566593826,adewar4a@bizjournals.com,Browsetype
156,Réservés,Payne,9638395941,spayne4b@icq.com,Zazio
157,Hélèna,Crannach,1218948371,acrannach4c@chron.com,Twitternation
158,Maëly,McGrail,2383925974,dmcgrail4d@creativecommons.org,Feedfire
159,Aloïs,Bowskill,3438525920,pbowskill4e@ovh.net,Zava
160,Pò,Noni,7803638339,bnoni4f@nps.gov,Aivee
161,Hélèna,Davydochkin,9955634725,zdavydochkin4g@dailymail.co.uk,Talane
162,Yáo,O'Rudden,1147804666,lorudden4h@bloglines.com,Riffpath
163,Marylène,Innocent,5496843836,oinnocent4i@acquirethisname.com,Shufflebeat
164,Vérane,Gellier,1395156641,cgellier4j@columbia.edu,Brainbox
165,Rébecca,Bilsford,8803981041,bbilsford4k@cnet.com,Voomm
166,Cléa,Lambdean,4331575365,slambdean4l@psu.edu,Roomm
167,Mélanie,Hedman,5186103134,chedman4m@admin.ch,Thoughtstorm
168,Noémie,Lorait,1534687285,rlorait4n@digg.com,Oloo
169,Danièle,Gyver,9542836339,mgyver4o@whitehouse.gov,Browsetype
170,Marie-françoise,Foulkes,1809881518,nfoulkes4p@ibm.com,Youtags
171,Maëly,Brumwell,9771452575,dbrumwell4q@friendfeed.com,Trudeo
172,Maïté,Shepheard,5226083913,ashepheard4r@dell.com,Wikibox
173,Tú,Gaythor,6386734578,mgaythor4s@t-online.de,Quire
174,Marie-thérèse,Dudgeon,2757721953,ddudgeon4t@reference.com,Wordtune
175,Loïc,Fearnehough,5122270686,wfearnehough4u@miitbeian.gov.cn,Flashset
176,Gösta,Smallsman,7385595222,tsmallsman4v@twitter.com,Edgeblab
177,Miléna,Mohring,9416857114,wmohring4w@google.fr,Cogibox
178,Annotés,Olley,4291997082,bolley4x@etsy.com,Devbug
179,Lén,Kulvear,3107996152,skulvear4y@taobao.com,Kwideo
180,Gösta,Speller,4586529491,dspeller4z@yahoo.co.jp,Skilith
181,Maëlys,Bickerstaff,2629720329,jbickerstaff50@pcworld.com,Linktype
182,Estève,Meert,6436186710,emeert51@rediff.com,Livetube
183,Maëlle,Magson,9523551058,jmagson52@auda.org.au,Twinder
184,Gaïa,Kahan,2914983694,hkahan53@rediff.com,Tavu
185,Marie-thérèse,Archley,3795446755,aarchley54@bbc.co.uk,Wordtune
186,Cloé,Hadlow,6692686851,khadlow55@huffingtonpost.com,Meemm
187,Mélina,Chern,1926730032,gchern56@twitter.com,Zoombeat
188,Mélanie,Ragbourn,3707780411,nragbourn57@list-manage.com,Jaxspan
189,Noémie,Uccelli,6725356262,succelli58@cpanel.net,Gabtune
190,Marlène,Littlejohn,8109626541,mlittlejohn59@jimdo.com,Thoughtworks
191,Cloé,Brouwer,1386662622,sbrouwer5a@businessweek.com,Chatterpoint
192,Anaël,Earsman,3118082609,eearsman5b@marriott.com,Thoughtstorm
193,Vénus,Follit,4081498500,afollit5c@ibm.com,Dabtype
194,Laurélie,Doorey,2951184259,adoorey5d@delicious.com,Bluejam
195,Bérangère,Giamuzzo,6734571672,rgiamuzzo5e@creativecommons.org,Reallinks
196,Cléopatre,Stummeyer,4282901981,mstummeyer5f@nyu.edu,Camido
197,Wá,Dederick,7941271194,ldederick5g@wordpress.org,Avavee
198,Judicaël,Jandl,9096421208,cjandl5h@fotki.com,Jaxspan
199,Zoé,Cumberpatch,5264504842,lcumberpatch5i@odnoklassniki.ru,Eamia
200,Mén,Leonida,2748947307,mleonida5j@cornell.edu,Quamba
201,Styrbjörn,Slora,2553602253,rslora5k@technorati.com,Oyoba
202,Bérénice,Gillibrand,4669404934,cgillibrand5l@archive.org,Janyx
203,Eloïse,O'Sherrin,2356024044,iosherrin5m@issuu.com,Skinix
204,Maéna,Wheldon,3235894412,bwheldon5n@flavors.me,Mynte
205,Zoé,Morman,6576258894,kmorman5o@yandex.ru,Vinder
206,Maïté,Leonardi,8324317043,wleonardi5p@newyorker.com,Minyx
207,Bérengère,Everson,3708611048,deverson5q@pen.io,Dynava
208,Maëly,Cadagan,7995702159,scadagan5r@friendfeed.com,Geba
209,Marie-josée,Hurt,5187894482,dhurt5s@dell.com,Riffwire
210,Solène,McBain,3327351313,tmcbain5t@wikispaces.com,Vinder
211,Josée,Fishly,1936966251,dfishly5u@mlb.com,Jamia
212,Hélène,Ambrozik,9998613798,wambrozik5v@goo.gl,Rhynoodle
213,Néhémie,Pfleger,5625326702,ppfleger5w@free.fr,Skiba
214,Géraldine,Messer,6729040050,jmesser5x@upenn.edu,Avavee
215,Esbjörn,Boni,9716218812,aboni5y@foxnews.com,Browsebug
216,Eliès,Matei,7725284901,mmatei5z@dedecms.com,Aimbu
217,Joséphine,Varran,1579501171,rvarran60@acquirethisname.com,Zava
218,Annotés,Plaid,1999887453,mplaid61@ocn.ne.jp,Gigazoom
219,Mélys,Jacson,3796734877,ajacson62@paginegialle.it,Skippad
220,Lài,Mawditt,7137415379,mmawditt63@webs.com,Tekfly
221,Cloé,Michieli,8309610388,fmichieli64@simplemachines.org,Blogspan
222,Lén,Moar,6344162701,bmoar65@wunderground.com,Wikivu
223,Réservés,Astridge,3591697031,rastridge66@alexa.com,Izio
224,Kuí,Bauckham,3985776277,hbauckham67@ebay.com,Gigabox
225,Cloé,Kempton,7815812585,skempton68@auda.org.au,Browsezoom
226,Béatrice,Flux,9205384511,sflux69@nationalgeographic.com,Yodo
227,Yénora,Kerfoot,8624765576,gkerfoot6a@blogs.com,Skaboo
228,Mylène,Blaver,3675721526,fblaver6b@chicagotribune.com,Zava
229,Agnès,Kopmann,7991254153,bkopmann6c@vk.com,Linktype
230,Annotée,Cecchi,3247344554,ececchi6d@epa.gov,Yamia
231,Geneviève,Ryland,3553992789,hryland6e@techcrunch.com,Skimia
232,Rébecca,Innman,7681979746,kinnman6f@google.com.hk,Flashdog
233,Aloïs,Artiss,9885112833,rartiss6g@noaa.gov,Jaxnation
234,Estée,Creelman,3145809472,zcreelman6h@shareasale.com,Skipfire
235,Léonore,Patroni,8922381374,cpatroni6i@army.mil,Topicblab
236,Jú,Deane,4691141180,gdeane6j@gov.uk,Topicstorm
237,Esbjörn,Galiford,5985829644,tgaliford6k@skype.com,Thoughtstorm
238,Aí,Purshouse,4044963294,npurshouse6l@spiegel.de,Lajo
239,Aimée,Pallant,2101214278,vpallant6m@hexun.com,Eire
240,Eloïse,Rosenauer,7047040257,grosenauer6n@msu.edu,Linklinks
241,Dù,Johanchon,7105722015,pjohanchon6o@flickr.com,Bluejam
242,Estève,Myring,8903567862,tmyring6p@ehow.com,Dynabox
243,Mélanie,Scrowson,3925387274,gscrowson6q@elegantthemes.com,Oyope
244,Loïs,Vernon,4439437041,avernon6r@gov.uk,Skyndu
245,Anaïs,Dreinan,2713179812,adreinan6s@aol.com,Quinu
246,Adélaïde,Rustich,8746080415,jrustich6t@sohu.com,Zoombox
247,Mårten,Dikes,3072859961,wdikes6u@cbslocal.com,Rhybox
248,Loïca,McInerney,4634121432,emcinerney6v@discuz.net,Tavu
249,Pò,Shakelady,6021439500,bshakelady6w@senate.gov,Wikivu
250,Méthode,Newrick,3007011376,jnewrick6x@google.nl,Quinu
251,Mårten,Fasey,8947501553,tfasey6y@mtv.com,Centizu
252,Tú,Goutcher,2058601208,ggoutcher6z@blogger.com,Trunyx
253,Mégane,Buswell,9614473163,kbuswell70@123-reg.co.uk,Brightbean
254,Andréanne,Kunkler,2968506340,akunkler71@java.com,Brainsphere
255,Håkan,Diboll,6907188706,cdiboll72@barnesandnoble.com,Buzzbean
256,Vérane,Dincey,3003964963,adincey73@unicef.org,Wikido
257,Magdalène,Brosch,6011857967,mbrosch74@shinystat.com,Fatz
258,Lén,Curzey,1133765930,tcurzey75@reuters.com,Digitube
259,Séréna,Domenici,1205670186,hdomenici76@merriam-webster.com,Topiclounge
260,Marie-ève,Dunston,7921644279,idunston77@cbsnews.com,Tambee
261,Tán,Meltetal,9294942485,ymeltetal78@oracle.com,Eazzy
262,Mélissandre,Burnet,7457201146,fburnet79@eepurl.com,Lajo
263,Ruì,Matyas,1842691308,mmatyas7a@unc.edu,Meezzy
264,Réjane,McKomb,4907588912,rmckomb7b@infoseek.co.jp,Twiyo
265,Mén,Mytton,2878612021,hmytton7c@imdb.com,Zooxo
266,Sélène,Burrow,7199755692,cburrow7d@wunderground.com,Twimbo
267,Åsa,Pady,7567242929,gpady7e@linkedin.com,Mycat
268,Pò,McDougall,1735592621,fmcdougall7f@yale.edu,Voonyx
269,Pò,Siddell,7265007910,psiddell7g@alexa.com,Zooveo
270,Kù,Chrichton,1766499700,bchrichton7h@github.io,Vimbo
271,Maéna,Ifill,7946896743,mifill7i@hao123.com,Zoomlounge
272,Maéna,Gerrell,5345138863,agerrell7j@wix.com,Rhynoodle
273,Mélanie,Nolton,1399523317,hnolton7k@histats.com,Quinu
274,Méghane,Papachristophorou,2248540361,npapachristophorou7l@reddit.com,Divavu
275,Michèle,Bowmer,8295710372,mbowmer7m@bloomberg.com,Trudeo
276,Mégane,Barti,2547387921,cbarti7n@comsenz.com,Yodel
277,Méghane,Newsham,9428381649,jnewsham7o@dedecms.com,Jabbersphere
278,Valérie,Kahler,4982885633,mkahler7p@elegantthemes.com,Tagfeed
279,Jú,Streather,6688290194,mstreather7q@rediff.com,Trilia
280,Yú,Sirman,5274804518,csirman7r@economist.com,Kwimbee
281,Mélina,O'Fihillie,8162624112,jofihillie7s@domainmarket.com,Digitube
282,Adélie,Scamadin,2362908298,gscamadin7t@chicagotribune.com,Skyba
283,Véronique,Blondin,5812350450,gblondin7u@samsung.com,Skyble
284,Thérèsa,O'Scandall,1621386855,toscandall7v@netvibes.com,Jaxspan
285,Fèi,Auton,5318258244,pauton7w@ning.com,Meevee
286,Maïté,Boor,6457105418,cboor7x@posterous.com,Edgeify
287,Irène,Oldacres,5047756920,boldacres7y@xrea.com,Quinu
288,Marie-thérèse,Cauldfield,2191489723,hcauldfield7z@loc.gov,Kimia
289,Mélys,Copestick,5729901609,jcopestick80@studiopress.com,Livetube
290,Eléa,Scrane,5874822564,sscrane81@issuu.com,Meemm
291,Maïté,Kupec,7037472329,jkupec82@a8.net,Jaxspan
292,Anaé,Vaan,9846982576,lvaan83@simplemachines.org,Lajo
293,Nélie,Cheston,4585179365,bcheston84@google.co.jp,Innojam
294,Fèi,Kleinmann,3067426696,rkleinmann85@yahoo.com,Yodoo
295,Edmée,MacDonnell,8268428995,rmacdonnell86@wunderground.com,Oyoyo
296,Médiamass,Nabarro,9517880235,knabarro87@icio.us,Cogibox
297,Laurélie,Dalmon,9407090992,mdalmon88@indiatimes.com,Zoomzone
298,Lài,Ivens,5791098227,givens89@spotify.com,Eadel
299,Maëlys,Rowling,7974952906,browling8a@behance.net,Trilia
300,Geneviève,Lewnden,6633417807,slewnden8b@weibo.com,Rhybox
301,Bérengère,Semor,8942642144,nsemor8c@tinyurl.com,Fivebridge
302,Lauréna,Simek,4028361151,isimek8d@hugedomains.com,Brightbean
303,Rachèle,Clowley,8139403038,dclowley8e@sciencedirect.com,Zoonder
304,Liè,Mattielli,6935597389,tmattielli8f@cnet.com,Snaptags
305,Táng,Edmons,6342267964,sedmons8g@elegantthemes.com,Dynabox
306,Desirée,Farrand,5203956897,gfarrand8h@oaic.gov.au,Realbridge
307,Cécilia,Tolfrey,6252669032,wtolfrey8i@ca.gov,Zoomzone
308,Torbjörn,Saphir,1884206151,tsaphir8j@unicef.org,Realcube
309,Marylène,Buye,2949549544,dbuye8k@arstechnica.com,Gabcube
310,Kù,Postles,3864323635,dpostles8l@geocities.jp,Meedoo
311,Simplifiés,Girardi,7774730730,lgirardi8m@networkadvertising.org,Kazio
312,Estée,Begwell,3614554427,gbegwell8n@google.nl,Photolist
313,Gaétane,Cuzen,8855500848,acuzen8o@123-reg.co.uk,Quamba
314,Lauréna,Lampkin,3231518074,clampkin8p@lycos.com,Trilith
315,Maï,Haynes,2596799596,nhaynes8q@meetup.com,Mymm
316,Bécassine,Greguoli,7868996795,dgreguoli8r@chicagotribune.com,Mita
317,Nélie,Georges,9468470175,vgeorges8s@mashable.com,Kanoodle
318,Bénédicte,Carpenter,9164543529,acarpenter8t@whitehouse.gov,Wikibox
319,Nuó,Smithin,7148096256,wsmithin8u@senate.gov,Roombo
320,Félicie,Llewelly,3134585010,gllewelly8v@360.cn,Oloo
321,Gisèle,Habbes,5673509692,ihabbes8w@tmall.com,Dynabox
322,Börje,Biggs,4105292029,dbiggs8x@altervista.org,Voonix
323,Marie-ève,Poag,3286456985,lpoag8y@europa.eu,Photobean
324,Zoé,Bessell,7424782911,lbessell8z@mapy.cz,Twinder
325,Yáo,Isac,7548595701,eisac90@intel.com,Skinder
326,Maïlis,Adney,1832359289,radney91@1und1.de,Shuffletag
327,Mårten,Bloan,7358454869,cbloan92@e-recht24.de,Yakidoo
328,Léone,Beavis,3019204031,mbeavis93@symantec.com,Ntags
329,Styrbjörn,Thing,3466848646,bthing94@admin.ch,Yakidoo
330,Véronique,Inge,2974080847,ainge95@163.com,Babbleblab
331,Méthode,Gettone,2203049397,lgettone96@e-recht24.de,Bluejam
332,Erwéi,Ledgeway,8796977155,bledgeway97@slashdot.org,Oba
333,Mélodie,Everson,7845803579,leverson98@stumbleupon.com,Browsetype
334,Gisèle,Margett,6763609209,bmargett99@gizmodo.com,Rhyzio
335,Renée,Capaldo,9473746119,bcapaldo9a@pen.io,Devshare
336,Annotés,Turneux,9752415184,jturneux9b@bizjournals.com,Browsebug
337,Mélinda,Maddigan,3039462070,jmaddigan9c@vkontakte.ru,LiveZ
338,Béatrice,Catterell,2756636902,acatterell9d@github.com,Kanoodle
339,Maïwenn,Pardal,1101327787,cpardal9e@salon.com,Vitz
340,Judicaël,Rolls,4936214582,drolls9f@disqus.com,Zoomdog
341,Kévina,Burgyn,1706193217,eburgyn9g@rambler.ru,Youtags
342,Pål,Manville,2921520248,fmanville9h@blog.com,Skimia
343,Lucrèce,Fernie,2702054588,lfernie9i@1688.com,Realbridge
344,Loïc,Grimbleby,9505565926,kgrimbleby9j@nydailynews.com,Oyoloo
345,Mélia,Slora,1901629927,aslora9k@e-recht24.de,Browsebug
346,Rachèle,McGeorge,9467237063,smcgeorge9l@nature.com,Eadel
347,Méline,Adame,5348326671,cadame9m@google.ru,Gigaclub
348,Mélanie,Lamberth,4112599204,tlamberth9n@indiatimes.com,Divavu
349,Mahélie,Farrington,2798639058,afarrington9o@adobe.com,Aimbo
350,Illustrée,Mulbry,7856534754,bmulbry9p@guardian.co.uk,Ainyx
351,Gaétane,German,4459447526,lgerman9q@blogtalkradio.com,Meezzy
352,Illustrée,Berntsson,1886920931,dberntsson9r@artisteer.com,Topicstorm
353,Kù,Cullingworth,3051110450,dcullingworth9s@newyorker.com,Topdrive
354,Maïlis,Kingh,7062352542,tkingh9t@google.nl,Oyondu
355,Joséphine,Bonnick,7836035193,mbonnick9u@is.gd,Trudoo
356,Eléa,Jarrold,5127734422,sjarrold9v@sfgate.com,Zoonder
357,Françoise,Girardini,3763613324,ggirardini9w@vk.com,Twimm
358,Maëlla,Willmott,2583811896,dwillmott9x@google.com.br,Edgeify
359,Dorothée,Fane,1811671062,efane9y@sciencedaily.com,Babbleset
360,Liè,Risborough,1974671769,nrisborough9z@multiply.com,Blogtags
361,Renée,Ogan,7014574633,hogana0@gmpg.org,Trudoo
362,Noémie,McEvoy,5565509818,gmcevoya1@cmu.edu,Linklinks
363,Kuí,Heintzsch,9342903251,rheintzscha2@issuu.com,Eamia
364,Garçon,Vitler,8983111496,gvitlera3@tinyurl.com,Jayo
365,Andréanne,Whitley,9556669588,nwhitleya4@posterous.com,Topicshots
366,Sòng,Grzes,1456963712,cgrzesa5@netvibes.com,Omba
367,Kù,Tatterton,5239407112,atattertona6@foxnews.com,Topicstorm
368,Lorène,McSherry,3966761967,bmcsherrya7@cnet.com,Cogibox
369,Lucrèce,Ahrenius,8311175132,uahreniusa8@bigcartel.com,Skiba
370,Félicie,Beacroft,6794693159,rbeacrofta9@ftc.gov,Quire
371,Wá,Trye,9752303493,atryeaa@miitbeian.gov.cn,Pixonyx
372,Mårten,Suddards,3105815432,dsuddardsab@bluehost.com,Tavu
373,Léana,Blannin,4554625559,lblanninac@thetimes.co.uk,Realcube
374,Inès,Krolle,6727162316,ckrollead@newyorker.com,Tambee
375,Athéna,Bonifacio,8723773037,abonifacioae@slideshare.net,DabZ
376,Fèi,Roman,7912170161,lromanaf@etsy.com,Devpoint
377,Mélina,Stutt,8837863063,astuttag@engadget.com,Oyoloo
378,Wá,Borman,3856836801,lbormanah@booking.com,Kimia
379,Camélia,Oherlihy,4274582728,noherlihyai@netscape.com,Jabbersphere
380,Régine,Yurkin,2258826008,myurkinaj@businessweek.com,Zava
381,Illustrée,Livzey,8579313903,elivzeyak@delicious.com,Kazu
382,Cunégonde,Von Brook,5733496467,lvonbrookal@arstechnica.com,Quatz
383,Méghane,Dacca,2312999899,rdaccaam@ibm.com,Wikizz
384,Stéphanie,Lattimore,8241254530,rlattimorean@privacy.gov.au,Feedfire
385,Océane,Dannel,6648123178,rdannelao@gov.uk,Flipopia
386,Loïca,Kinnock,2729501425,dkinnockap@cdc.gov,Blogtag
387,Yénora,Kedwell,6173815311,okedwellaq@independent.co.uk,Skibox
388,Naëlle,McQueen,4293255237,cmcqueenar@auda.org.au,Avavee
389,Esbjörn,Duxbury,6951962588,aduxburyas@newyorker.com,Youtags
390,Hélène,Fabri,5595381101,bfabriat@purevolume.com,Dabvine
391,Maëly,Aharoni,3719598703,faharoniau@examiner.com,Skyba
392,Gaëlle,Hayter,6332159708,mhayterav@soundcloud.com,Brainsphere
393,Marie-hélène,Duligal,6799943799,hduligalaw@drupal.org,Quatz
394,Personnalisée,Vasey,8137654228,fvaseyax@digg.com,Oozz
395,Laurélie,Collin,7901736381,icollinay@mapy.cz,Latz
396,Léonie,Keatch,3801310037,ckeatchaz@hibu.com,Tagpad
397,Mélina,Brandrick,2679548449,lbrandrickb0@studiopress.com,Kwimbee
398,Maëly,Bride,8108157627,fbrideb1@dmoz.org,Thoughtbeat
399,Cléa,Bettley,1973295583,ebettleyb2@npr.org,Kimia
400,Edmée,Weyland,8465018465,jweylandb3@myspace.com,Zoomdog
401,Göran,Skeel,4715492436,mskeelb4@deliciousdays.com,Zoombeat
402,Zoé,Balas,9547120974,hbalasb5@epa.gov,Kamba
403,Dà,Szimoni,9432655933,cszimonib6@hatena.ne.jp,Babbleblab
404,Cécile,Dislee,4838251605,kdisleeb7@intel.com,Zoomcast
405,Yáo,Fairhead,2837826842,mfairheadb8@ucla.edu,Skyndu
406,Eliès,Smaridge,8935583613,tsmaridgeb9@moonfruit.com,Devcast
407,Bérénice,Spinley,2226147720,gspinleyba@tripod.com,Youspan
408,Zhì,Lugard,7572586301,elugardbb@dagondesign.com,Jamia
409,Jú,Finch,6493524848,mfinchbc@xinhuanet.com,Yata
410,Judicaël,Ambrosoni,5361663201,eambrosonibd@ning.com,Jaxbean
411,Françoise,Meeke,5837136069,emeekebe@icio.us,Bubblemix
412,Aurélie,Klinck,9885062159,mklinckbf@domainmarket.com,Youtags
413,Cunégonde,Canet,7458135803,hcanetbg@mapquest.com,Bluejam
414,Kévina,Sprules,2893435081,zsprulesbh@e-recht24.de,Feedfire
415,Erwéi,Maplethorp,6235809437,bmaplethorpbi@china.com.cn,Edgetag
416,Personnalisée,Cote,4097219653,acotebj@mapy.cz,Leexo
417,Hélène,Beniesh,3422595822,cbenieshbk@bloglines.com,Brainverse
418,Stéphanie,Fulbrook,6557327184,mfulbrookbl@friendfeed.com,Flipbug
419,Zoé,Chin,8576238484,achinbm@phpbb.com,Feedbug
420,Véronique,Pafford,7181164705,spaffordbn@google.nl,Izio
421,Dà,Wohler,7836021894,fwohlerbo@ca.gov,Tagchat
422,Irène,Sawdon,4503764054,psawdonbp@woothemes.com,Devpoint
423,Ruò,Kidson,8635419383,gkidsonbq@aboutads.info,Topiclounge
424,Liè,Newstead,4489876950,anewsteadbr@csmonitor.com,Minyx
425,Mélodie,McKevin,7845472867,cmckevinbs@exblog.jp,Yakidoo
426,Annotés,Southouse,4604503863,lsouthousebt@pcworld.com,Aivee
427,Wá,Balbeck,9323544210,ebalbeckbu@blogtalkradio.com,Skiptube
428,Félicie,Weitzel,5487211558,nweitzelbv@comcast.net,Janyx
429,Åsa,Randalston,7407470910,lrandalstonbw@i2i.jp,Bubblemix
430,Yénora,Haine,6991881472,whainebx@intel.com,Livetube
431,Andréa,McSharry,7551851588,bmcsharryby@ca.gov,Brainbox
432,Lén,Piatek,9271794529,jpiatekbz@businesswire.com,Lajo
433,Dà,Van Arsdall,8492845244,fvanarsdallc0@telegraph.co.uk,Zooxo
434,Léandre,Lissimore,9655782194,mlissimorec1@xing.com,Meetz
435,Anaëlle,Greasty,8491652863,cgreastyc2@bloglovin.com,Oodoo
436,Marie-ève,Praten,9234240416,cpratenc3@simplemachines.org,Thoughtsphere
437,Åslög,Edgerley,5766136363,hedgerleyc4@hubpages.com,Voomm
438,Anaïs,Swains,8727278547,sswainsc5@clickbank.net,Vidoo
439,Zhì,Tompkins,8792563426,btompkinsc6@answers.com,Ooba
440,Méryl,Dieton,4129566044,kdietonc7@parallels.com,Gabtune
441,Yóu,Ferrieri,1366761101,bferrieric8@macromedia.com,Meevee
442,Bérénice,Gurnee,6065496867,kgurneec9@usda.gov,Twimm
443,Marie-josée,Pietesch,3165869712,spieteschca@miibeian.gov.cn,Flipopia
444,Tú,Pittham,5648042754,jpitthamcb@cloudflare.com,Katz
445,Rébecca,Stive,2669581940,vstivecc@engadget.com,Kazio
446,Eugénie,Luckings,6747763615,aluckingscd@merriam-webster.com,Eare
447,Léane,Kennicott,6842599431,tkennicottce@ustream.tv,Wikizz
448,Salomé,Keningley,8924182900,rkeningleycf@deliciousdays.com,Edgeclub
449,Desirée,Torrent,5925397573,ktorrentcg@addthis.com,Bubblebox
450,Aurélie,Sherrett,4891633019,esherrettch@telegraph.co.uk,Zoonoodle
451,Mårten,Macbane,1441251028,smacbaneci@elpais.com,Pixoboo
452,Léane,Monteith,9247101952,bmonteithcj@sitemeter.com,Devpoint
453,Chloé,Iggalden,7906904312,giggaldenck@imdb.com,Plambee
454,Anaël,Jenson,7027870896,kjensoncl@studiopress.com,Skinix
455,Andrée,Ravilus,5186711444,rraviluscm@nymag.com,Eimbee
456,Eugénie,Mereweather,7062909942,amereweathercn@moonfruit.com,Blognation
457,Håkan,Murrish,3083719306,rmurrishco@about.com,Livefish
458,Mà,Seiter,6515217893,pseitercp@reddit.com,Linktype
459,Mylène,Emblen,5915260224,jemblencq@hatena.ne.jp,Voomm
460,Zhì,Jeffes,2044085341,rjeffescr@ed.gov,Vinte
461,Publicité,Sabbin,5057561016,msabbincs@apache.org,Flashset
462,Erwéi,Cubbini,1278245448,lcubbinict@sitemeter.com,Twiyo
463,Crééz,Jouannin,8246962001,bjouannincu@drupal.org,Tanoodle
464,Eléonore,Blint,5105000167,gblintcv@ovh.net,Mybuzz
465,Maïté,Videan,3523022576,avideancw@indiegogo.com,Linkbuzz
466,Hélène,Hansana,7994021204,mhansanacx@bandcamp.com,Realbuzz
467,Göran,Coll,7427397539,bcollcy@sitemeter.com,Muxo
468,Mårten,Pedlar,2095803030,dpedlarcz@netlog.com,Linktype
469,Maëlys,Kohring,1139497223,ekohringd0@nature.com,Tagtune
470,Bénédicte,Kaasman,7899091910,ckaasmand1@twitpic.com,Skynoodle
471,Bénédicte,Acutt,6259754737,kacuttd2@blogtalkradio.com,Eadel
472,Léonore,Ferrettini,9392862183,eferrettinid3@amazon.com,Flipopia
473,Bérangère,Idenden,1785167904,midendend4@istockphoto.com,Yakitri
474,Personnalisée,Steven,5612988789,mstevend5@mail.ru,Centidel
475,Mélia,Brimham,6444445280,obrimhamd6@devhub.com,Zooxo
476,Håkan,Gingle,9996932033,lgingled7@tripadvisor.com,Skibox
477,Joséphine,McCarry,3004720958,rmccarryd8@dailymotion.com,Rhycero
478,Yénora,McCurdy,9438080096,bmccurdyd9@facebook.com,Oozz
479,Marie-hélène,Darmody,7721075125,odarmodyda@joomla.org,Wordtune
480,Dorothée,Aubrun,9451303807,raubrundb@amazon.co.jp,Nlounge
481,Léonie,Worledge,8274445551,cworledgedc@geocities.com,Mynte
482,Léandre,Mc Combe,8315675817,smccombedd@weather.com,Thoughtbeat
483,Mà,Garnsworthy,7991252433,lgarnsworthyde@goo.ne.jp,Edgeclub
484,Réservés,Arman,4153563027,darmandf@about.com,Kare
485,Noëlla,MacRury,1628791332,lmacrurydg@skype.com,Tagcat
486,Pélagie,Colly,4997112861,mcollydh@mozilla.com,Zoombeat
487,Cinéma,Trinkwon,5334807313,etrinkwondi@wired.com,Quaxo
488,Anaïs,Tassell,7246093878,ltasselldj@mapy.cz,Topicblab
489,Yénora,Tollemache,8991803936,vtollemachedk@hc360.com,Zoombox
490,Åsa,Keays,4064104021,skeaysdl@csmonitor.com,Innojam
491,Maëline,Grissett,7955931824,kgrissettdm@squarespace.com,Skyba
492,Dafnée,Atton,8078762887,rattondn@telegraph.co.uk,Tagpad
493,Mélissandre,Halgarth,8868358854,khalgarthdo@epa.gov,Oyope
494,Rébecca,Cattenach,8368419809,rcattenachdp@liveinternet.ru,Babblestorm
495,Personnalisée,Jedraszek,6157047118,mjedraszekdq@people.com.cn,Centimia
496,Personnalisée,Eglese,4371352094,heglesedr@etsy.com,Aimbo
497,Garçon,Absalom,4917789360,labsalomds@devhub.com,Eamia
498,Lén,Wermerling,2979777961,vwermerlingdt@cyberchimps.com,Quimba
499,Mårten,Bertomieu,7305165957,fbertomieudu@youtube.com,Photojam
500,Anaëlle,Spalding,8019733528,aspaldingdv@twitpic.com,Livepath
501,Östen,Bernardes,9653237766,ybernardesdw@craigslist.org,Gigazoom
502,Thérèse,Swalough,4121267440,sswaloughdx@dailymail.co.uk,Bluejam
503,Styrbjörn,Kringe,4012423540,pkringedy@telegraph.co.uk,Jabberbean
504,Anaé,Monkhouse,4664016602,dmonkhousedz@yandex.ru,Youopia
505,Östen,Linnane,8166534738,klinnanee0@desdev.cn,Quatz
506,Maëlys,Sollitt,2196167971,esollitte1@hugedomains.com,Rhynoodle
507,Frédérique,Poulter,9979824011,apoultere2@cyberchimps.com,Eayo
508,Léandre,Mila,3067039403,amilae3@merriam-webster.com,Rooxo
509,Noëlla,Duce,4951678271,kducee4@google.fr,Wordpedia
510,Gaëlle,Robinson,9462743011,trobinsone5@psu.edu,Kazu
511,Intéressant,Stonehouse,3015703143,mstonehousee6@clickbank.net,Eabox
512,Joséphine,Bigly,5412785546,cbiglye7@google.com.au,Leexo
513,Hélèna,Povey,5875712406,mpoveye8@baidu.com,Topicshots
514,Réjane,Townend,1366374233,ctownende9@shinystat.com,Jaxworks
515,Ruì,Dorling,7039512392,mdorlingea@cbslocal.com,Voonyx
516,Östen,Byford,4825179094,mbyfordeb@salon.com,Rhycero
517,Crééz,Ackerman,9888341121,mackermanec@fema.gov,Gevee
518,Clémence,Elderidge,7236162176,velderidgeed@ning.com,Twimm
519,Léane,Eardley,3171033892,keardleyee@hud.gov,Katz
520,Marie-hélène,Behr,3538453472,nbehref@sitemeter.com,Tekfly
521,Faîtes,Harrild,8875024306,charrildeg@webs.com,Tagopia
522,Estève,Haime,3468096162,mhaimeeh@youku.com,Aivee
523,Desirée,Pardew,9885748217,rpardewei@engadget.com,Zoombox
524,Mårten,McCurtain,7545455774,cmccurtainej@wikia.com,Voonyx
525,Léone,Cato,2222755194,ccatoek@yahoo.com,Realcube
526,Vénus,Kerwen,4393654034,ckerwenel@sina.com.cn,Thoughtblab
527,Fèi,Swidenbank,4766293218,hswidenbankem@devhub.com,Feedbug
528,Aí,Smewin,7225124358,jsmewinen@yellowbook.com,Chatterpoint
529,Océanne,Clifton,4429687062,acliftoneo@google.cn,Mydeo
530,Estée,Pawlyn,7961482601,lpawlynep@dyndns.org,Zava
531,Thérèsa,Ielden,9732224860,hieldeneq@instagram.com,Blogtag
532,Yè,Gilliam,7681759270,rgilliamer@mac.com,Feedfire
533,Yénora,Cordeux,9059312523,rcordeuxes@engadget.com,Zoomzone
534,Maëlys,Pettyfar,8992221877,spettyfaret@usa.gov,Edgewire
535,Håkan,Sibbe,5111173642,bsibbeeu@ft.com,Leexo
536,Clélia,Impey,2186621458,aimpeyev@engadget.com,Minyx
537,Mélina,D'Onisi,6352273685,ddonisiew@hatena.ne.jp,Quimba
538,Chloé,Nussii,3691287608,gnussiiex@craigslist.org,BlogXS
539,Eugénie,Nerval,9701891852,cnervaley@sun.com,Lazzy
540,Laurène,Poile,4776246328,apoileez@hao123.com,Kaymbo
541,Eléonore,Vannoni,8836565845,dvannonif0@harvard.edu,Rhyzio
542,Annotés,Banaszewski,9781723471,cbanaszewskif1@buzzfeed.com,Kayveo
543,Marylène,Baudic,2121550081,lbaudicf2@guardian.co.uk,Skidoo
544,Naéva,Tax,7988697300,staxf3@springer.com,Janyx
545,Dafnée,Kemmet,9612955125,skemmetf4@ebay.co.uk,Thoughtbeat
546,Sòng,Patise,1015896484,apatisef5@narod.ru,Trunyx
547,Gaëlle,Horche,8754090256,fhorchef6@trellian.com,Realcube
548,Yáo,Lilion,3871843114,flilionf7@hostgator.com,Snaptags
549,Méghane,Wankel,5984979499,lwankelf8@hostgator.com,Flashpoint
550,Marie-thérèse,Dickons,4476622276,tdickonsf9@goodreads.com,Gigazoom
551,Clémentine,Frascone,9632915324,afrasconefa@engadget.com,Linkbuzz
552,Maéna,Petrushanko,7276636506,mpetrushankofb@biglobe.ne.jp,Blogtags
553,Marlène,Pargiter,6377981703,apargiterfc@craigslist.org,Zooxo
554,Séverine,Dunks,7956101572,jdunksfd@privacy.gov.au,Mymm
555,Almérinda,Mayworth,1646071818,tmayworthfe@indiatimes.com,Brainlounge
556,Réservés,Yeskin,2177000486,byeskinff@free.fr,Tazz
557,Örjan,Caramuscia,6754088796,jcaramusciafg@quantcast.com,Twitterbeat
558,Maïlys,Cornils,7062908223,ccornilsfh@businessinsider.com,Eire
559,Gérald,Tortis,6754426516,dtortisfi@1und1.de,Meevee
560,Torbjörn,Blankley,1671688809,jblankleyfj@cargocollective.com,Eimbee
561,Bérangère,Greystock,5605357466,lgreystockfk@myspace.com,Kwinu
562,Måns,Gamett,2353631635,dgamettfl@yahoo.com,Gabtype
563,Méng,Thalmann,1919121229,nthalmannfm@linkedin.com,Zoomdog
564,Sélène,Chess,3683545381,qchessfn@narod.ru,Linklinks
565,Marie-hélène,Sockell,1324653446,fsockellfo@unicef.org,Lajo
566,Tú,Stallebrass,7134977887,bstallebrassfp@fc2.com,Miboo
567,Léana,Brane,8489926572,gbranefq@fema.gov,Flashpoint
568,Simplifiés,Corbin,6613955122,jcorbinfr@nbcnews.com,Quatz
569,Eloïse,Fahey,3871537748,rfaheyfs@blogs.com,Tanoodle
570,Lucrèce,Beagen,2293893758,abeagenft@cargocollective.com,Youspan
571,Réjane,Lester,8461219465,llesterfu@google.es,Brainsphere
572,Léa,Trobe,6608351724,itrobefv@shop-pro.jp,Demizz
573,Eloïse,Suggett,9925396226,dsuggettfw@alibaba.com,Quinu
574,Illustrée,Zannotti,9379355468,hzannottifx@nytimes.com,Camido
575,Andréanne,Ricardo,8036867418,jricardofy@networkadvertising.org,Devify
576,Angélique,Crossan,4201123225,ccrossanfz@cornell.edu,Layo
577,Anaëlle,Ryson,5651983113,prysong0@sohu.com,Tazz
578,Yáo,Heintze,6529298196,jheintzeg1@arizona.edu,Innotype
579,Bérangère,Kryzhov,2817216672,kkryzhovg2@bloglovin.com,Pixope
580,Yénora,Ganderton,8227190894,dgandertong3@bloomberg.com,Mynte
581,Clélia,Philipp,6349542399,nphilippg4@uol.com.br,Vipe
582,Aloïs,Hobbert,9792606192,mhobbertg5@fc2.com,Wikivu
583,Börje,Meriot,4672559436,fmeriotg6@theglobeandmail.com,Zoovu
584,Léana,Mobius,6819351839,gmobiusg7@netlog.com,Buzzbean
585,Zoé,Malthus,8297992917,amalthusg8@angelfire.com,Photobug
586,Vérane,Castagneri,8977142487,tcastagnerig9@360.cn,Jaxworks
587,Stéphanie,Sherrock,8168323934,dsherrockga@marriott.com,Jaxspan
588,Intéressant,Hedan,4496477952,zhedangb@artisteer.com,Skynoodle
589,Cloé,Eyden,8758176943,weydengc@histats.com,BlogXS
590,Dafnée,Bice,2291156240,gbicegd@bigcartel.com,Babbleopia
591,Cinéma,Powelee,1479951402,tpoweleege@usda.gov,Twitterworks
592,Cléopatre,Wight,4608407042,bwightgf@phpbb.com,Gigazoom
593,Eliès,Emig,7604472414,cemiggg@usnews.com,Quinu
594,Judicaël,Leversha,5513787983,tlevershagh@rakuten.co.jp,Skyba
595,Agnès,Tschierasche,8051024907,atschieraschegi@ycombinator.com,Wikivu
596,Gaïa,Gonnel,3071731198,ngonnelgj@omniture.com,Dabtype
597,Méng,Isard,3522219449,bisardgk@ucoz.com,Zoombeat
598,Réservés,Ruilton,8941687442,hruiltongl@archive.org,Mymm
599,Mélys,Rable,5184674890,grablegm@squarespace.com,Yozio
600,Sélène,Newbigging,6138889482,gnewbigginggn@hubpages.com,Realmix
601,Görel,Ajean,6248420248,gajeango@illinois.edu,DabZ
602,Bérangère,Isaksson,2581754668,wisakssongp@biblegateway.com,Yamia
603,Faîtes,Carse,2332325866,bcarsegq@statcounter.com,Trilith
604,Örjan,Ginni,3248599244,pginnigr@sciencedaily.com,Tagpad
605,Pål,Delmage,8855288463,kdelmagegs@patch.com,Jaxworks
606,Erwéi,Huckin,9601351461,chuckingt@flickr.com,Babbleopia
607,Thérèse,Mallock,7146281312,pmallockgu@sourceforge.net,Leenti
608,Håkan,Larimer,5226016188,slarimergv@multiply.com,Tazzy
609,Uò,Pinfold,4346966911,rpinfoldgw@nih.gov,Kamba
610,Léone,Ferbrache,7561473234,cferbrachegx@sitemeter.com,Roomm
611,Stévina,Oseman,9551555717,kosemangy@icio.us,Quire
612,Laurélie,Truelock,4164967924,struelockgz@ebay.com,Tagcat
613,Yóu,Van der Merwe,5607781179,svandermerweh0@youtu.be,Demivee
614,Chloé,McAvey,1431169039,hmcaveyh1@umn.edu,Voomm
615,Maïlys,Jaques,9067542337,sjaquesh2@state.tx.us,Thoughtbridge
616,Maëly,Marke,1703527359,tmarkeh3@meetup.com,Mynte
617,Pénélope,Brownhill,1501787009,jbrownhillh4@meetup.com,Brainsphere
618,Anaël,d' Elboux,1719769636,ldelbouxh5@technorati.com,Wikizz
619,Chloé,Pott,6778331716,spotth6@tuttocitta.it,Topicshots
620,Lorène,Boice,9524007152,kboiceh7@mtv.com,Dabvine
621,Agnès,Rawlence,4605217386,prawlenceh8@alexa.com,Oyonder
622,Renée,Mongeot,4434546748,jmongeoth9@marriott.com,Twinder
623,Yú,Jukes,9708685841,jjukesha@businessweek.com,Skimia
624,Estée,Rickford,4948864570,brickfordhb@narod.ru,Aibox
625,Bérengère,Twinn,2991966689,jtwinnhc@businessweek.com,Bubblebox
626,Maëly,Jeffcoate,1564700352,bjeffcoatehd@nymag.com,LiveZ
627,Dà,Ottiwill,9269230192,rottiwillhe@nydailynews.com,Oyonder
628,Pål,cornhill,9671059001,mcornhillhf@gravatar.com,Meemm
629,Aí,Warret,6858723943,gwarrethg@vkontakte.ru,Riffpath
630,Bérénice,Lipprose,5315570492,blipprosehh@about.me,Tazz
631,Marie-thérèse,Lindbergh,7966638346,glindberghhi@cnn.com,Avaveo
632,Félicie,Brackley,7065869967,tbrackleyhj@g.co,Voonte
633,Dafnée,Espasa,5647295634,wespasahk@privacy.gov.au,Devify
634,Vénus,Legan,2158250695,gleganhl@msn.com,Buzzdog
635,Méthode,Penley,2903457395,cpenleyhm@rambler.ru,Youspan
636,Lauréna,Oels,7773349848,ioelshn@odnoklassniki.ru,Dabvine
637,Agnès,Czadla,6742723926,sczadlaho@xinhuanet.com,Dabfeed
638,Daphnée,Clarricoates,9509567352,mclarricoateshp@amazonaws.com,Mymm
639,Kallisté,Tipper,2511877474,jtipperhq@google.pl,Wikivu
640,Lorène,Pinkett,8223094536,dpinketthr@slideshare.net,Kwilith
641,Gwenaëlle,Penwright,9241000882,apenwrighths@merriam-webster.com,Cogidoo
642,Mylène,Pyecroft,9829903088,apyecroftht@51.la,Twitterbridge
643,Märta,Umfrey,8541609469,jumfreyhu@moonfruit.com,Skivee
644,Örjan,Lill,4623930872,mlillhv@bravesites.com,Leexo
645,Rachèle,Hargerie,5358249538,chargeriehw@bandcamp.com,Skyndu
646,Bérénice,Innott,1531605483,ainnotthx@jimdo.com,Layo
647,Åke,Ogus,5215727076,mogushy@acquirethisname.com,Shufflebeat
648,Annotés,Pieroni,2898013831,cpieronihz@sakura.ne.jp,Skipstorm
649,Laïla,Dory,5872590902,rdoryi0@dell.com,Katz
650,Françoise,Alaway,5756210339,valawayi1@wisc.edu,Avavee
651,Mélodie,Beazey,8184830551,bbeazeyi2@discovery.com,Thoughtblab
652,Rachèle,Maude,8257955315,emaudei3@oracle.com,Quinu
653,Simplifiés,Gibbeson,3485798375,agibbesoni4@ca.gov,Devbug
654,Mélinda,Playhill,7037958330,dplayhilli5@reuters.com,Vinder
655,Börje,Shoebrook,4164330749,ashoebrooki6@biblegateway.com,Plajo
656,Zoé,Hallagan,3421838253,ahallagani7@upenn.edu,Wikibox
657,Angèle,Luppitt,8441631426,bluppitti8@admin.ch,Rooxo
658,Solène,Renny,6898512152,arennyi9@sakura.ne.jp,Thoughtbridge
659,Lucrèce,Jewkes,8373201992,mjewkesia@altervista.org,Leexo
660,Mélissandre,Blanchard,5334677506,mblanchardib@tuttocitta.it,Trilith
661,Dafnée,Hutcheon,7647578101,phutcheonic@tripod.com,Voonyx
662,Océane,McLeod,4361871105,rmcleodid@digg.com,Realfire
663,Léa,Purvey,6446120760,apurveyie@eepurl.com,Skynoodle
664,Anaïs,McCerery,2803629082,gmccereryif@princeton.edu,Realblab
665,Méghane,Tunna,6331386463,dtunnaig@studiopress.com,Fliptune
666,Eléa,McSperron,2533829769,emcsperronih@gnu.org,Realbuzz
667,Françoise,Gutridge,2153977011,pgutridgeii@macromedia.com,Aimbo
668,Lóng,Whitaker,8444413468,gwhitakerij@sohu.com,Avamm
669,Michèle,Aleksahkin,8218040869,galeksahkinik@t.co,Avamba
670,Séréna,Todari,2508531173,utodariil@elpais.com,Skalith
671,Göran,Esselen,2371566871,sesselenim@sfgate.com,Wikibox
672,Simplifiés,Pinwell,6521252054,jpinwellin@shinystat.com,Vinte
673,Ophélie,Canto,9212209295,kcantoio@ibm.com,Eare
674,Marie-thérèse,Kunzel,9196660478,rkunzelip@studiopress.com,Jaloo
675,Cloé,Connachan,7782822030,dconnachaniq@jimdo.com,Lazz
676,Cécile,Sertin,8119185746,msertinir@jigsy.com,Abatz
677,Vérane,Dyerson,3758867637,bdyersonis@opera.com,Thoughtsphere
678,Anaël,Coopey,9077736036,dcoopeyit@studiopress.com,Topiczoom
679,Vérane,Hitter,4082400363,rhitteriu@amazonaws.com,Tagcat
680,Océanne,Hartop,3117089886,lhartopiv@dagondesign.com,Twitternation
681,Maïly,Ottee,1884015499,rotteeiw@friendfeed.com,Tambee
682,Eliès,Blackborne,6821504599,sblackborneix@examiner.com,Bubblemix
683,Aí,Hendron,2933864725,rhendroniy@ucla.edu,Teklist
684,Zoé,Seldon,8298665040,rseldoniz@reference.com,Kwilith
685,Angélique,Le Marchand,1569170909,dlemarchandj0@wikimedia.org,Twitterlist
686,Daphnée,Fuente,9205204098,afuentej1@unc.edu,Oyondu
687,Almérinda,Falkner,6277749781,nfalknerj2@photobucket.com,Mydeo
688,Félicie,Verey,4674451669,mvereyj3@sourceforge.net,Mybuzz
689,Angélique,Besson,3244389151,bbessonj4@creativecommons.org,Lazzy
690,Yú,Mawford,2328483065,bmawfordj5@yellowbook.com,Thoughtblab
691,Célestine,Dixon,8341494491,bdixonj6@mlb.com,Trunyx
692,Mélinda,Folkerd,4484266421,efolkerdj7@eventbrite.com,Topicshots
693,Françoise,Brafield,4054299680,cbrafieldj8@cnn.com,Skinix
694,Fèi,Battany,4759873117,dbattanyj9@walmart.com,Skilith
695,Annotés,Hobell,7098113353,rhobellja@barnesandnoble.com,Zoozzy
696,Clémence,Mumbray,6542451737,fmumbrayjb@google.nl,Eidel
697,Crééz,Reddel,8614262474,rreddeljc@mit.edu,Myworks
698,Angèle,Poncet,3437907414,gponcetjd@youtu.be,Topiclounge
699,Mélinda,Formoy,3957715826,oformoyje@indiatimes.com,Einti
700,Almérinda,Gilbeart,4049503410,pgilbeartjf@mapquest.com,Gabtype
701,Åke,Rodder,9723784186,jrodderjg@sfgate.com,Browsedrive
702,Adélie,Schroter,5344333500,vschroterjh@wikispaces.com,Jabberstorm
703,Pélagie,Tethacot,7759011639,ctethacotji@dropbox.com,Rhybox
704,Réjane,Paddington,9457469044,mpaddingtonjj@statcounter.com,Youspan
705,Torbjörn,Rosenauer,4992080462,crosenauerjk@goo.ne.jp,Wikido
706,Eléa,Earthfield,6645105664,jearthfieldjl@reverbnation.com,Wordify
707,Björn,Barbosa,9146911832,abarbosajm@addtoany.com,Ozu
708,Publicité,Goatman,8037928450,rgoatmanjn@altervista.org,Mybuzz
709,Joséphine,Edmands,6579290836,cedmandsjo@gov.uk,Browseblab
710,Mårten,Glasman,7074645338,nglasmanjp@wordpress.org,Rhynyx
711,Örjan,Mullenger,1007107186,lmullengerjq@wired.com,Avaveo
712,Jú,Ecclesall,5473043078,aecclesalljr@ovh.net,Einti
713,Gérald,Bastone,5495014911,bbastonejs@youtube.com,Jaxbean
714,Maïté,Broadey,1017315512,wbroadeyjt@newyorker.com,Browsecat
715,Thérèsa,Wager,4303091655,mwagerju@globo.com,Quatz
716,Göran,Althorp,4269283377,calthorpjv@yandex.ru,Yoveo
717,Joséphine,Stoffel,6966433161,astoffeljw@furl.net,Gigazoom
718,Audréanne,Laimable,7267098892,mlaimablejx@multiply.com,Tagfeed
719,Annotés,Lawlie,8595699052,rlawliejy@arizona.edu,Oyonder
720,Andrée,Itzcak,3134588883,mitzcakjz@mashable.com,Quaxo
721,Maïlys,Duguid,6825387895,tduguidk0@irs.gov,Dabtype
722,Mahélie,Ramelet,8807680334,grameletk1@163.com,Photospace
723,Simplifiés,Caron,1367895420,ccaronk2@wikimedia.org,Kare
724,Bérengère,Vautrey,6035921961,dvautreyk3@archive.org,Flipbug
725,Åsa,Marin,4362213529,amarink4@youku.com,Jabberbean
726,Aloïs,Stailey,1624539551,tstaileyk5@sogou.com,Tagpad
727,Dù,Pickthorne,9614711691,mpickthornek6@nsw.gov.au,Photolist
728,Régine,Orpen,7164359898,eorpenk7@mlb.com,Youtags
729,Gwenaëlle,Kempstone,9622752316,wkempstonek8@hhs.gov,Nlounge
730,Geneviève,Zoanetti,4134223818,tzoanettik9@ucsd.edu,Demimbu
731,Maëlla,Ashwood,1966740839,lashwoodka@xinhuanet.com,Rhynyx
732,Erwéi,Lippo,3671411660,olippokb@fc2.com,Yodel
733,Maëlann,Keirle,1469533953,ekeirlekc@yahoo.com,Zoomdog
734,Léane,Roughan,9637139378,kroughankd@example.com,Lazzy
735,Måns,Newvell,7777926296,fnewvellke@amazon.co.uk,Dabtype
736,Salomé,Exley,1264483549,hexleykf@mtv.com,Skiptube
737,Eléa,Nairy,2138883860,cnairykg@illinois.edu,Fiveclub
738,Simplifiés,Mertel,4448537252,amertelkh@artisteer.com,Abatz
739,Véronique,Kynan,3239093750,zkynanki@reuters.com,Trilith
740,Yú,Orbell,9284388197,jorbellkj@tuttocitta.it,Twinte
741,Ophélie,Bonnar,4123664232,hbonnarkk@sogou.com,Fadeo
742,Joséphine,McLurg,7332756466,dmclurgkl@jalbum.net,Yacero
743,Maëlle,Halston,6038888449,whalstonkm@omniture.com,Centidel
744,Eugénie,Jancic,3196733340,kjancickn@elpais.com,Janyx
745,Clémentine,Letten,4123053062,elettenko@about.me,Bubblebox
746,Mårten,Kearn,2507774071,mkearnkp@privacy.gov.au,Devpulse
747,Aimée,Maltman,6295829356,amaltmankq@yellowpages.com,Eabox
748,Maïté,Rosewall,9238397341,lrosewallkr@last.fm,Yambee
749,Noémie,Priestland,3817335235,ipriestlandks@twitpic.com,Quimm
750,Léone,Colleford,1794489500,acollefordkt@i2i.jp,Katz
751,Méline,Kilalea,3522187943,ekilaleaku@cisco.com,Voonder
752,Clémentine,Matzaitis,7422389056,mmatzaitiskv@dot.gov,Jetpulse
753,Dà,Wallbank,9658652348,hwallbankkw@facebook.com,Realbuzz
754,Noëlla,Lamas,9991546884,wlamaskx@scribd.com,Rhybox
755,Lóng,Azam,1193048767,cazamky@goo.gl,Shuffletag
756,Mélia,Wormell,5635167093,kwormellkz@domainmarket.com,Skajo
757,Lyséa,Downage,6323124009,ndownagel0@stanford.edu,Gigashots
758,Véronique,Hastie,6111623702,chastiel1@nature.com,Shufflester
759,Faîtes,Klousner,7639748855,aklousnerl2@amazon.co.jp,Oozz
760,Anaël,Capper,7548277398,acapperl3@who.int,Skyndu
761,Bénédicte,Zavattero,4402533945,azavatterol4@yandex.ru,Snaptags
762,Bérengère,Le Fevre,1325805542,plefevrel5@feedburner.com,Zoovu
763,Uò,Burg,6934967103,gburgl6@hostgator.com,Zoomzone
764,Béatrice,Harmeston,2835878599,mharmestonl7@loc.gov,Jaxnation
765,Laïla,Snoddin,9968734878,isnoddinl8@cnet.com,Linkbridge
766,Léonie,Cruickshank,9382453902,ocruickshankl9@amazon.co.uk,Kazio
767,Eliès,Pimlock,1527753954,lpimlockla@yelp.com,LiveZ
768,Estée,O'Shiel,8041705036,coshiellb@google.ru,Yoveo
769,Vérane,Pretty,7918727574,fprettylc@miitbeian.gov.cn,Youtags
770,Kévina,Bigadike,3308413629,gbigadikeld@prweb.com,Quatz
771,Angèle,Weond,3274229341,kweondle@ezinearticles.com,Flipbug
772,Aloïs,Merchant,3132753790,jmerchantlf@chicagotribune.com,Meedoo
773,Bérengère,McGann,4768181485,lmcgannlg@yale.edu,Edgeclub
774,Maïlis,Marwick,4654678976,amarwicklh@blogspot.com,Agivu
775,Séverine,Bedell,9383540265,ebedellli@pagesperso-orange.fr,Centidel
776,Naëlle,Ferrario,5615576904,eferrariolj@tumblr.com,Rhyloo
777,Östen,Goney,9907406752,rgoneylk@dot.gov,Livepath
778,Léane,Filppetti,4545828265,sfilppettill@techcrunch.com,Centimia
779,Eliès,Hansberry,6025720708,chansberrylm@pcworld.com,Shufflester
780,Anaël,Treppas,3963470881,mtreppasln@ucla.edu,Oyoba
781,Loïca,Chadbourne,2184150482,lchadbournelo@hugedomains.com,Zoomdog
782,Géraldine,McKeever,7248173091,nmckeeverlp@hatena.ne.jp,Realpoint
783,Dorothée,Caccavari,2287635616,acaccavarilq@wikimedia.org,Realmix
784,Wá,Summersby,1138310316,psummersbylr@geocities.com,Dynabox
785,Pénélope,Jack,1883351320,bjackls@java.com,Buzzshare
786,Thérèse,Cappineer,3648208006,pcappineerlt@constantcontact.com,Aimbo
787,Chloé,Eudall,4008044738,deudalllu@narod.ru,Demivee
788,Nadège,Shapter,6304735448,bshapterlv@cocolog-nifty.com,Mudo
789,Hélène,Szepe,9611083691,nszepelw@state.tx.us,Rhycero
790,Audréanne,Burgane,7188309446,aburganelx@harvard.edu,Photospace
791,Maëlla,Inwood,7349220963,jinwoodly@ed.gov,Tambee
792,Céline,Langstone,8079123088,slangstonelz@bbc.co.uk,Babbleblab
793,Edmée,Blewis,3123503416,vblewism0@nhs.uk,Twitterwire
794,Inès,Horbart,2023312784,rhorbartm1@taobao.com,Digitube
795,Maï,Fairbard,9059124773,cfairbardm2@psu.edu,Wordware
796,Stéphanie,Legg,1196341166,eleggm3@army.mil,Riffpath
797,Mégane,Kelley,3619475106,dkelleym4@biblegateway.com,JumpXS
798,Fèi,Roan,1674897513,aroanm5@woothemes.com,Plambee
799,Cloé,Rhoddie,4493939124,rrhoddiem6@over-blog.com,Voomm
800,Anaïs,Vasilyev,1184805952,gvasilyevm7@chronoengine.com,Meembee
801,Adèle,Blackborne,3686545807,lblackbornem8@goo.ne.jp,Skidoo
802,Eloïse,Jehaes,3836764108,ajehaesm9@topsy.com,Photospace
803,Aimée,Jedrych,8893242108,hjedrychma@pinterest.com,Roomm
804,Intéressant,Neaverson,2809318986,mneaversonmb@cbslocal.com,Tagopia
805,Andréanne,Suermeier,4236257717,csuermeiermc@berkeley.edu,Browsetype
806,Maëlyss,Darker,3502550409,ddarkermd@ox.ac.uk,Reallinks
807,Mén,Abramamovh,3153043547,labramamovhme@hud.gov,Meembee
808,Méline,Jozaitis,7332941121,gjozaitismf@tripadvisor.com,Quamba
809,Eléa,Girardengo,3113149541,dgirardengomg@flickr.com,Zooveo
810,Börje,Gotter,3938894609,cgottermh@feedburner.com,Oyoyo
811,Mårten,Hotson,3932516596,dhotsonmi@samsung.com,Oozz
812,Kù,McCory,2094679923,emccorymj@multiply.com,Pixope
813,Noémie,Isaksson,9822005978,disakssonmk@meetup.com,Yata
814,Frédérique,Parfrey,8445825274,vparfreyml@webmd.com,Wordify
815,Ruì,Geaney,8768039442,jgeaneymm@archive.org,Buzzdog
816,Miléna,Voisey,8624328887,cvoiseymn@boston.com,Ailane
817,Michèle,Krochmann,8665887559,tkrochmannmo@thetimes.co.uk,Zoombeat
818,Marie-noël,Lenin,7898264747,tleninmp@vistaprint.com,Flipstorm
819,Salomé,Carslaw,7004213246,bcarslawmq@feedburner.com,Twinder
820,Geneviève,Crockett,7559533907,gcrockettmr@baidu.com,Oyoyo
821,Mélinda,Hugk,9511602363,mhugkms@discuz.net,Eayo
822,Maïwenn,Frobisher,8247955829,cfrobishermt@so-net.ne.jp,Oyoloo
823,Miléna,Sommerlin,4199700682,esommerlinmu@alibaba.com,Yakijo
824,Gwenaëlle,Planke,4319986498,eplankemv@github.com,Nlounge
825,Mégane,Massey,9201657703,bmasseymw@timesonline.co.uk,Wordware
826,Loïca,Donneely,9368107571,odonneelymx@gmpg.org,Realcube
827,Aurélie,Swatman,1142797832,rswatmanmy@tiny.cc,Voonyx
828,Åsa,Biagioni,6419690658,mbiagionimz@ebay.co.uk,Yata
829,Audréanne,Simak,5903891064,wsimakn0@walmart.com,Tavu
830,Clémentine,Littlemore,7729425508,mlittlemoren1@homestead.com,Pixope
831,Rachèle,Tolerton,1725057287,ftolertonn2@google.it,Edgeclub
832,Pélagie,Eisikowitch,9491302558,teisikowitchn3@ycombinator.com,Dablist
833,Laurène,Sabatier,8827767621,wsabatiern4@facebook.com,Voonder
834,Adélie,Bifield,8356451422,mbifieldn5@unesco.org,Brainbox
835,Pélagie,Borton,1844572342,dbortonn6@youtu.be,Photobean
836,Fèi,Norman,8713522166,dnormann7@ox.ac.uk,Flashset
837,Liè,Helleckas,4825858033,vhelleckasn8@apache.org,Riffwire
838,Clémence,Ramard,9792265232,uramardn9@godaddy.com,Agivu
839,Thérèse,Hargitt,2814941735,ehargittna@earthlink.net,Aivee
840,Eugénie,Goane,5214781151,sgoanenb@1688.com,Kare
841,Anaëlle,Scocroft,9342251584,hscocroftnc@wp.com,Wikizz
842,Thérèse,Rawsthorn,2042122790,srawsthornnd@imgur.com,Divape
843,Börje,Strainge,9144363833,bstraingene@diigo.com,Twimm
844,Cécilia,Spincke,4174574658,hspinckenf@imgur.com,Shufflebeat
845,Eléonore,Wotton,4452418788,gwottonng@google.com.hk,Jaxbean
846,Maëlle,Stockell,9608239978,dstockellnh@jiathis.com,Jayo
847,Renée,Couser,1427903303,pcouserni@examiner.com,Ntag
848,Lèi,Mundie,4779518165,jmundienj@theglobeandmail.com,Kazu
849,Pål,Bedding,2408342542,hbeddingnk@sakura.ne.jp,Oodoo
850,Marie-hélène,McNeachtain,5266851268,tmcneachtainnl@bloomberg.com,Topicstorm
851,Åke,Mitford,2974894137,gmitfordnm@opera.com,Skiptube
852,Pål,Drewell,6103490125,mdrewellnn@marriott.com,Thoughtworks
853,Faîtes,Kingscote,1559034789,dkingscoteno@w3.org,Jabbersphere
854,Audréanne,Sainte Paul,2727858522,bsaintepaulnp@nymag.com,Yotz
855,Marie-hélène,Stock,7382666141,tstocknq@360.cn,Centimia
856,Andréa,Losebie,6891841315,klosebienr@canalblog.com,Kimia
857,Maïlys,Skillings,5983097713,lskillingsns@youtube.com,Miboo
858,Estée,Harrhy,3391531323,hharrhynt@so-net.ne.jp,Midel
859,Desirée,Haywood,9518185737,mhaywoodnu@creativecommons.org,Centidel
860,Annotés,Connop,2921071227,aconnopnv@illinois.edu,Tavu
861,Lóng,Fortoun,9797724745,dfortounnw@barnesandnoble.com,Edgewire
862,Marie-thérèse,Souley,5391983156,ksouleynx@indiegogo.com,Gabvine
863,Loïca,Pauel,5962068414,bpauelny@squidoo.com,Fanoodle
864,Åslög,Kefford,5736134393,kkeffordnz@hhs.gov,Babbleopia
865,Börje,Marke,1459458638,kmarkeo0@europa.eu,Photojam
866,Eliès,Medforth,1799189276,gmedfortho1@cbsnews.com,Fanoodle
867,Camélia,Charrier,1252597667,scharriero2@baidu.com,Abatz
868,Annotée,Akam,8677040707,nakamo3@npr.org,Cogibox
869,Ráo,Satterly,5858582292,jsatterlyo4@facebook.com,Flipbug
870,Frédérique,Bault,6895175367,mbaulto5@earthlink.net,Wikizz
871,Noëlla,Ortsmann,5099888481,rortsmanno6@umich.edu,Topicstorm
872,Maëlyss,Benford,7336141325,bbenfordo7@wunderground.com,Wikizz
873,Annotés,Negal,3594428741,knegalo8@loc.gov,Eimbee
874,Geneviève,Garraway,8515062305,fgarrawayo9@cyberchimps.com,Tagopia
875,Méthode,Pifford,7844746325,cpiffordoa@geocities.jp,Vipe
876,Ophélie,Stacy,7799175699,jstacyob@edublogs.org,Fivespan
877,Méghane,Janecki,4744698021,gjaneckioc@reddit.com,Snaptags
878,Lén,Quinnette,9091846920,nquinnetteod@auda.org.au,Einti
879,Valérie,Hooke,9336291706,bhookeoe@earthlink.net,Skalith
880,Desirée,Nobbs,1845682003,bnobbsof@exblog.jp,Yakijo
881,Lóng,Grugerr,5979759824,wgrugerrog@printfriendly.com,Riffwire
882,Maïté,Pickburn,2278070407,rpickburnoh@hibu.com,Zoonoodle
883,Léonore,Allon,6993962964,mallonoi@biglobe.ne.jp,Jayo
884,Léandre,Maccari,8011938920,rmaccarioj@addtoany.com,Skinte
885,Maëlle,Booi,9101948145,lbooiok@youtu.be,Realbuzz
886,Renée,Viner,9568148247,evinerol@nyu.edu,Yakidoo
887,Michèle,Allden,9817848492,dalldenom@wisc.edu,Oodoo
888,Torbjörn,Cottier,5109926022,rcottieron@archive.org,Fivebridge
889,Camélia,Surfleet,7982868010,ksurfleetoo@examiner.com,Topicstorm
890,Marlène,Slocket,3859054458,islocketop@gravatar.com,Livetube
891,Thérèse,Whellams,1378768415,pwhellamsoq@jalbum.net,Blogpad
892,Clémentine,Brereton,6681277909,cbreretonor@myspace.com,Jabberbean
893,Annotée,Pfeuffer,5714609383,hpfeufferos@qq.com,Tavu
894,Yú,Birkinshaw,3465244400,lbirkinshawot@si.edu,Geba
895,Adélaïde,Crossthwaite,9172058455,scrossthwaiteou@bbc.co.uk,Mydo
896,Kévina,Cane,6199897570,wcaneov@twitter.com,Babbleset
897,Solène,Isson,3305188238,hissonow@columbia.edu,Browseblab
898,Desirée,Mealham,2581320885,cmealhamox@jimdo.com,Dazzlesphere
899,Géraldine,D'Oyley,2379947301,fdoyleyoy@mysql.com,Dabshots
900,Gérald,Lettice,6534433804,yletticeoz@bloglines.com,Aibox
901,Méghane,Wardlaw,2761030731,ewardlawp0@howstuffworks.com,Npath
902,Aí,Brixey,7507533486,obrixeyp1@vinaora.com,Tagpad
903,Séverine,Lodevick,7981944770,hlodevickp2@plala.or.jp,Dabvine
904,Célestine,Meardon,7362897761,bmeardonp3@trellian.com,Jayo
905,Estève,Roggeman,5947715874,hroggemanp4@tuttocitta.it,Voomm
906,Mylène,Carous,3947616282,rcarousp5@ameblo.jp,Wordtune
907,Maéna,Grishanov,9219539974,ggrishanovp6@ezinearticles.com,Zoomdog
908,Anaël,Maggs,6945830934,lmaggsp7@about.com,Skaboo
909,Esbjörn,Imloch,9218886839,jimlochp8@4shared.com,Dabshots
910,Béatrice,Fforde,7638650782,kffordep9@wikipedia.org,Jayo
911,Magdalène,Bonome,1075379347,ybonomepa@cdc.gov,Shuffletag
912,Laurélie,Moller,2661211603,jmollerpb@pinterest.com,Avaveo
913,Mégane,Fliege,8908250264,sfliegepc@vk.com,Camido
914,Örjan,Foord,8409501203,zfoordpd@oaic.gov.au,Agimba
915,Bénédicte,Cestard,3178193421,rcestardpe@theguardian.com,Thoughtmix
916,Åsa,Gaiter,4637694530,agaiterpf@usatoday.com,Meezzy
917,Maëline,Mayzes,7177145730,cmayzespg@trellian.com,Mydeo
918,Lyséa,Cuerdall,1405219362,fcuerdallph@apache.org,Jabberstorm
919,Gaétane,Phibb,8887725999,mphibbpi@wisc.edu,Gabvine
920,Mylène,Shury,5863661324,tshurypj@mysql.com,Agimba
921,Edmée,Lobe,5327397469,ulobepk@creativecommons.org,Reallinks
922,Pål,Dran,8168056883,gdranpl@acquirethisname.com,Wikizz
923,Táng,Daubeny,4741291379,mdaubenypm@usa.gov,Gigabox
924,Måns,Goodreid,6456689036,cgoodreidpn@oaic.gov.au,Brainverse
925,Angèle,Hepher,7267349151,khepherpo@gmpg.org,Omba
926,Måns,Thomas,2225649905,rthomaspp@printfriendly.com,Riffpath
927,Josée,Giraldon,3896833760,agiraldonpq@wsj.com,Blogspan
928,Mylène,Kobes,1865344768,hkobespr@t-online.de,Eimbee
929,Cinéma,Salan,7933437479,rsalanps@trellian.com,Skippad
930,Rachèle,Sautter,9412539318,ssautterpt@java.com,Mynte
931,Célia,Heitz,4695541086,iheitzpu@disqus.com,Skyvu
932,Anaé,Roe,2974422946,droepv@washington.edu,Leenti
933,Bérengère,Fancy,1246889335,lfancypw@ameblo.jp,Katz
934,Gérald,Adelman,1431867754,aadelmanpx@google.it,Demivee
935,Åsa,Larret,9245116862,elarretpy@1und1.de,Mydeo
936,Cléa,Ambrosoni,7432782003,rambrosonipz@ucsd.edu,Blogtag
937,Åslög,Banasiak,3919497770,rbanasiakq0@ted.com,Ainyx
938,Maïté,Lower,9897095617,jlowerq1@sfgate.com,Gigaclub
939,Edmée,Breckwell,5175944248,gbreckwellq2@moonfruit.com,Yata
940,Angélique,Cicero,5612665561,aciceroq3@examiner.com,Youbridge
941,Faîtes,Dobble,4194058826,pdobbleq4@scientificamerican.com,Tagcat
942,Françoise,Neno,9047915425,vnenoq5@taobao.com,Oozz
943,Inès,Lortz,1764851449,jlortzq6@stumbleupon.com,Yotz
944,Méryl,Melloi,9044758615,amelloiq7@angelfire.com,Fivespan
945,Méng,Kubicka,8193913856,ekubickaq8@jimdo.com,Photobean
946,Estée,McEneny,8561464178,mmcenenyq9@prnewswire.com,Avamm
947,Océanne,Dikes,7047001546,ldikesqa@posterous.com,Skyble
948,Ráo,Bunn,3469887370,kbunnqb@elegantthemes.com,Jabbersphere
949,Loïc,Readhead,9165359229,ereadheadqc@posterous.com,Jabbertype
950,Magdalène,Broske,1457801839,lbroskeqd@uiuc.edu,Pixope
951,Jú,Lewty,8233904634,mlewtyqe@sphinn.com,Zoomzone
952,Geneviève,Derricoat,9654407956,lderricoatqf@nature.com,Yodo
953,Maéna,Ashbey,7485852478,aashbeyqg@posterous.com,Quimm
954,Vénus,McQuilkin,5913315828,jmcquilkinqh@netvibes.com,Dynabox
955,Cunégonde,Magnay,4982450641,cmagnayqi@google.ru,Voonyx
956,Gaétane,Dockreay,1725002305,idockreayqj@dailymail.co.uk,Buzzbean
957,Loïs,Radleigh,6238937426,rradleighqk@jimdo.com,Chatterpoint
958,Méline,Sircomb,1665166492,psircombql@uiuc.edu,Twinte
959,Publicité,Hoggetts,2487957017,mhoggettsqm@businessweek.com,Pixonyx
960,Yú,Vido,3449625474,cvidoqn@usatoday.com,Twitterwire
961,Maëly,Emsden,3196396277,demsdenqo@mayoclinic.com,Reallinks
962,Jú,Achurch,9543798078,oachurchqp@blogs.com,Browsezoom
963,Maëlle,Laing,7847123128,claingqq@archive.org,Zava
964,Célia,Dallmann,1047705024,rdallmannqr@slashdot.org,Photospace
965,Aloïs,Worvell,4278123291,iworvellqs@4shared.com,Pixope
966,Nadège,Barock,4851543467,lbarockqt@etsy.com,Skipfire
967,Märta,O'Glessane,8506724778,joglessanequ@go.com,Jabbersphere
968,Lóng,Flanner,9946623073,jflannerqv@wsj.com,Bubbletube
969,Geneviève,Lorence,3562833775,mlorenceqw@springer.com,Rhyzio
970,Valérie,Frapwell,5815808636,sfrapwellqx@time.com,Babbleopia
971,Cléopatre,Briggdale,6486834363,vbriggdaleqy@ftc.gov,Dynazzy
972,Léonie,Swadlen,5606632188,mswadlenqz@taobao.com,Snaptags
973,Yóu,Napton,7509783202,snaptonr0@hexun.com,Flashdog
974,Maëlys,Bridson,1078869402,mbridsonr1@soundcloud.com,Yozio
975,Estée,Duchasteau,5218710051,tduchasteaur2@oracle.com,Divavu
976,Stéphanie,Freke,4778693130,efreker3@storify.com,Dabjam
977,Marie-thérèse,Kubicek,6615730608,akubicekr4@bizjournals.com,Brainverse
978,Estée,Bridgman,8558284497,bbridgmanr5@icio.us,Livefish
979,Maïwenn,Madeley,1741130309,wmadeleyr6@howstuffworks.com,Brainverse
980,Aí,Backen,9173724195,abackenr7@t-online.de,Tazz
981,Joséphine,Chaston,5388347466,vchastonr8@feedburner.com,Twitternation
982,Lài,Khomin,9457544112,bkhominr9@liveinternet.ru,Skyble
983,Desirée,Snalham,1932708725,msnalhamra@newsvine.com,Devpulse
984,Naëlle,Kneale,6305040626,mknealerb@vinaora.com,Kare
985,Frédérique,Tunnick,9971033858,stunnickrc@t-online.de,Brightbean
986,Åslög,Need,9688389919,fneedrd@soundcloud.com,Tagcat
987,Yú,Whitwood,2204313916,awhitwoodre@fema.gov,Skyndu
988,Danièle,Creek,1713202729,screekrf@macromedia.com,Centizu
989,Méline,Nickoles,4132511046,hnickolesrg@columbia.edu,Thoughtworks
990,Célestine,Gowry,5614471379,ggowryrh@typepad.com,Twitterbeat
991,Táng,Comoletti,7091235481,dcomolettiri@state.tx.us,Skinte
992,Åslög,Ducker,7909176505,jduckerrj@techcrunch.com,Skyvu
993,Håkan,Klimentyonok,5962802815,cklimentyonokrk@eventbrite.com,Devpoint
994,Rachèle,Jiggins,2496377174,jjigginsrl@guardian.co.uk,Shufflebeat
995,Hélèna,McDonald,9266572056,jmcdonaldrm@oakley.com,Wikibox
996,Françoise,Villaron,7974595303,hvillaronrn@ihg.com,Cogidoo
997,Thérèsa,Belchamp,5512574956,mbelchampro@ovh.net,Minyx
998,Inès,Maffioni,8296837182,mmaffionirp@ucla.edu,Dynazzy
999,Andrée,Exon,6131723660,nexonrq@nymag.com,Digitube
1000,Anaé,Gritland,9336532864,cgritlandrr@walmart.com,Jaxnation
