id,name,surname,phoneNumber,emailAddress,companyName
1,Estée,Reicherz,6896897970,jreicherz0@tmall.com,Buzzshare
2,Léonie,Petranek,4581615789,jpetranek1@printfriendly.com,Yodel
3,Esbjörn,Pirkis,6869620907,bpirkis2@loc.gov,Linkbuzz
4,Léandre,Swiggs,7451127366,dswiggs3@cbslocal.com,Midel
5,Bécassine,Senior,2162656367,asenior4@uiuc.edu,Eamia
6,Michèle,Varnam,2802828067,svarnam5@cloudflare.com,Dynabox
7,Kuí,Coleiro,9443082065,lcoleiro6@mashable.com,Kaymbo
8,Kuí,Defont,1422790064,gdefont7@issuu.com,Roomm
9,Lucrèce,Worpole,5878791742,eworpole8@nationalgeographic.com,Yozio
10,Séverine,Collinge,2213924039,rcollinge9@plala.or.jp,Gigashots
11,Intéressant,Spenton,2834522975,rspentona@1688.com,Eabox
12,Táng,Lovatt,7591749328,glovattb@pinterest.com,Mydo
13,Liè,Lowder,7778454805,dlowderc@mac.com,Edgeblab
14,Salomé,Pattlel,6163809823,bpattleld@dmoz.org,Devcast
15,Börje,Geater,2008265425,kgeatere@reuters.com,Wikido
16,Néhémie,Fearfull,4584201579,gfearfullf@tuttocitta.it,Topicshots
17,Tú,Whalley,6475552428,rwhalleyg@bloomberg.com,Trupe
18,Noémie,Fritschel,9465543176,sfritschelh@rambler.ru,Kwinu
19,Clélia,Devereux,9185669727,sdevereuxi@bing.com,Flashspan
20,Adélie,Danilin,8783038345,bdanilinj@home.pl,Gigaclub
21,Méline,Bernetti,1713224388,hbernettik@msn.com,Mydo
22,Yénora,Akast,2556719718,aakastl@is.gd,Feedmix
23,Kévina,Colt,4719353478,mcoltm@google.fr,Agimba
24,Maï,Gerrets,8363127999,cgerretsn@ebay.co.uk,Topiczoom
25,Ruì,Tofts,7209709432,htoftso@surveymonkey.com,Livefish
26,Lóng,Fruchter,2542835011,cfruchterp@desdev.cn,Vinder
27,Danièle,Reilly,1226847637,lreillyq@bloomberg.com,Skippad
28,Clémence,Leader,1567735146,aleaderr@patch.com,Quatz
29,Adèle,Clashe,9246569897,aclashes@de.vu,Skibox
30,Nadège,Kivits,7644150519,pkivitst@ocn.ne.jp,Tagtune
31,Maïlys,Krzyzaniak,7725169891,kkrzyzaniaku@thetimes.co.uk,Feedspan
32,Maëlann,Maddox,9047344762,kmaddoxv@t.co,Youspan
33,Táng,Jordan,7426670811,vjordanw@abc.net.au,Tanoodle
34,Desirée,Danilevich,4268313985,vdanilevichx@devhub.com,Kwilith
35,Dà,Mafham,7597764170,amafhamy@uol.com.br,Skivee
36,Märta,Larrosa,9593007617,slarrosaz@vkontakte.ru,Mydo
37,Eliès,Pigott,6791216207,opigott10@alibaba.com,InnoZ
38,Cloé,Nugent,4056629581,snugent11@360.cn,Cogidoo
39,Maëline,Tabram,7135685070,ltabram12@paypal.com,Blognation
40,Léonore,Valentine,4517913645,tvalentine13@devhub.com,Dynabox
41,Örjan,Mixer,2124383271,rmixer14@eventbrite.com,Eire
42,Maïly,Lockier,8094462858,jlockier15@netvibes.com,Geba
43,Marie-josée,Atwell,4207894484,batwell16@columbia.edu,Jetpulse
44,Hélèna,Standring,6139173558,fstandring17@state.gov,Thoughtblab
45,Gérald,Ovitts,1765263605,kovitts18@pbs.org,Flipbug
46,Léandre,Isabell,7377041885,jisabell19@paypal.com,Buzzster
47,Pélagie,Whicher,7842422218,dwhicher1a@economist.com,Oyoloo
48,Maïlis,Gurwood,9649004051,hgurwood1b@hexun.com,Photobug
49,Åke,Witham,1582363452,switham1c@theglobeandmail.com,Mudo
50,Valérie,Dacke,8455564307,gdacke1d@list-manage.com,Layo
51,Cunégonde,McGrorty,9211483272,vmcgrorty1e@wikimedia.org,Teklist
52,Kuí,Crombleholme,5218484558,acrombleholme1f@google.it,Youtags
53,Maëline,Zoane,8001507418,fzoane1g@mashable.com,Kamba
54,Lorène,Arney,5629620060,rarney1h@usa.gov,Rhyzio
55,Mégane,Biglin,6738595416,rbiglin1i@admin.ch,Skiptube
56,Marie-ève,Goulden,3076616084,kgoulden1j@stumbleupon.com,Skipstorm
57,Cloé,Garey,6917192194,rgarey1k@i2i.jp,Oozz
58,Ophélie,Wrotham,5735727469,owrotham1l@hatena.ne.jp,Brightbean
59,Géraldine,MacRinn,1075767719,cmacrinn1m@51.la,Jayo
60,Séverine,Dwyr,9327343945,adwyr1n@tamu.edu,Lajo
61,Aurélie,Gilderoy,6764169966,jgilderoy1o@de.vu,Oyondu
62,Lóng,Mickan,8552237495,bmickan1p@fastcompany.com,LiveZ
63,Andrée,Penni,3014491136,fpenni1q@un.org,Katz
64,Mégane,Dyke,8989797789,ldyke1r@examiner.com,Jayo
65,Lài,MacDowall,8175979193,rmacdowall1s@phoca.cz,Kanoodle
66,Marylène,Poplee,3629175284,epoplee1t@gov.uk,Vidoo
67,Mélanie,Warret,4556671189,lwarret1u@elegantthemes.com,Jabbertype
68,Bérénice,Plumer,8751229007,gplumer1v@surveymonkey.com,Skibox
69,Zoé,Udy,5306749464,uudy1w@tinyurl.com,Twimbo
70,Lèi,Luckey,5847391379,aluckey1x@creativecommons.org,Fivechat
71,Gösta,Burgwin,9199925993,cburgwin1y@techcrunch.com,Photospace
72,Ophélie,Reynish,6396715187,ireynish1z@freewebs.com,Topicware
73,Salomé,Bourchier,7369231491,sbourchier20@soundcloud.com,Eare
74,Håkan,Crum,2898567285,mcrum21@exblog.jp,Feedfish
75,Eloïse,Dreamer,4977016927,pdreamer22@xinhuanet.com,Dynazzy
76,Pål,Roxbrough,6687569226,rroxbrough23@friendfeed.com,Jetwire
77,Crééz,Himsworth,4223338975,whimsworth24@scribd.com,Cogidoo
78,Ráo,Murkus,5593507817,wmurkus25@sakura.ne.jp,Rhynoodle
79,Gaëlle,Quartermain,7352256697,kquartermain26@infoseek.co.jp,Dynava
80,Hélène,Bazylets,6377628941,abazylets27@japanpost.jp,Flashpoint
81,Salomé,Neame,5841384588,gneame28@woothemes.com,Flashspan
82,Pò,Feather,5648272023,mfeather29@timesonline.co.uk,Quimba
83,Bérangère,Holdforth,6381285154,dholdforth2a@dedecms.com,Trilith
84,Daphnée,Duddin,9154261638,aduddin2b@phoca.cz,Zoonder
85,Cloé,Bilbrook,8991158003,pbilbrook2c@webmd.com,Jabbercube
86,Maëlla,Ayto,6724168393,sayto2d@pcworld.com,Meevee
87,Östen,Koppes,1492765158,ckoppes2e@csmonitor.com,Trunyx
88,Aloïs,Elger,9298188594,celger2f@bbc.co.uk,Topiclounge
89,Réservés,Nelthropp,8425804143,jnelthropp2g@vimeo.com,Linkbridge
90,Esbjörn,Pegrum,6986605006,lpegrum2h@latimes.com,Kaymbo
91,Lauréna,Keast,5496115777,mkeast2i@indiegogo.com,Oyondu
92,Garçon,Curtis,5583845262,mcurtis2j@sun.com,Zoonoodle
93,Bérangère,Imlin,2567852034,eimlin2k@sourceforge.net,Yakijo
94,Irène,Chicotti,8124395634,jchicotti2l@hud.gov,Photobean
95,Maéna,Junifer,7745140536,bjunifer2m@woothemes.com,Eadel
96,Jú,Duddin,6819181588,lduddin2n@engadget.com,Wikizz
97,Marie-hélène,Keson,4359449520,jkeson2o@surveymonkey.com,Blogtag
98,Cécile,Mournian,6091309604,dmournian2p@seattletimes.com,Pixoboo
99,Marie-noël,Tales,3133935945,ltales2q@senate.gov,Kazio
100,Åslög,Hatley,3711128995,chatley2r@ucsd.edu,Yakidoo
101,Maëline,Rabbage,2806133929,frabbage2s@sogou.com,Aibox
102,Cunégonde,Burborough,4032310236,bburborough2t@psu.edu,Eire
103,Ruò,Andrin,6006778575,sandrin2u@craigslist.org,Mita
104,Stéphanie,Reason,8315427065,creason2v@delicious.com,Leenti
105,Marie-ève,Sircomb,6215872590,bsircomb2w@yale.edu,Blogtags
106,Maïlis,Antonich,2535371302,santonich2x@123-reg.co.uk,Thoughtbeat
107,Ophélie,Couser,6303118531,dcouser2y@businesswire.com,Gigaclub
108,Agnès,Bertelet,2069991744,dbertelet2z@com.com,Thoughtstorm
109,Maéna,Clough,4365407439,aclough30@meetup.com,Realcube
110,Alizée,Stollmeier,3821208375,nstollmeier31@chicagotribune.com,Browsecat
111,Léa,Lindley,8449978046,alindley32@tiny.cc,Feedmix
112,Andréa,Inchley,8523065211,yinchley33@seattletimes.com,Babblestorm
113,Maëlle,Tiltman,2055052148,atiltman34@mashable.com,Realbuzz
114,Réservés,Labrom,3898364547,hlabrom35@imageshack.us,Babbleset
115,Sòng,Molyneux,9109348436,mmolyneux36@discovery.com,Meedoo
116,Mårten,Petrolli,5915930788,spetrolli37@apple.com,Jamia
117,Cécile,Adriano,2545740857,cadriano38@accuweather.com,Skinte
118,Laurène,Adriano,5847300740,aadriano39@nps.gov,Bubbletube
119,Görel,Risborough,5383287812,brisborough3a@example.com,Quamba
120,Thérèsa,Benasik,7705842084,obenasik3b@blog.com,Flipopia
121,Mélanie,Gindghill,8451904178,bgindghill3c@exblog.jp,Skiptube
122,Séréna,Cracknell,1565859114,hcracknell3d@dropbox.com,Feedfire
123,Jú,Berrey,4774896758,tberrey3e@elegantthemes.com,Flashspan
124,Gaétane,Bosche,2446051649,dbosche3f@hud.gov,Pixope
125,Gérald,Cuthbert,8967545441,scuthbert3g@yale.edu,Topdrive
126,Loïc,Knibbs,6456826343,tknibbs3h@springer.com,Voolith
127,Séverine,Kendle,3202003386,ikendle3i@nationalgeographic.com,Edgeify
128,Gaëlle,Malcolmson,5221871464,emalcolmson3j@nasa.gov,Eabox
129,Célia,McCalister,1197867438,lmccalister3k@goodreads.com,Kaymbo
130,Thérèse,Dautry,1401232231,wdautry3l@blog.com,Shuffledrive
131,Gwenaëlle,Ruscoe,1959857267,mruscoe3m@ft.com,Shufflebeat
132,Athéna,Hearnshaw,7816883094,rhearnshaw3n@networkadvertising.org,Yodoo
133,Zhì,Bronger,1235781616,gbronger3o@dropbox.com,Pixonyx
134,Thérèse,Trout,2876422964,ctrout3p@nih.gov,Brightdog
135,Mélanie,Dey,1949163390,adey3q@hostgator.com,Viva
136,Adélaïde,Kinrade,1512140763,skinrade3r@ebay.co.uk,Buzzdog
137,Gérald,Newing,6465449156,mnewing3s@amazon.co.uk,Livepath
138,Mélanie,Morford,1968091747,jmorford3t@walmart.com,Flashset
139,Thérèse,Vergo,2652705194,pvergo3u@salon.com,Kwilith
140,Adélie,Malitrott,8006364101,emalitrott3v@google.cn,Jetwire
141,Garçon,Crozier,9042996069,ccrozier3w@fotki.com,Bubbletube
142,Alizée,Kennelly,1306334331,ckennelly3x@linkedin.com,Dabtype
143,Nélie,Hirthe,3778990070,yhirthe3y@taobao.com,Skivee
144,Lèi,Pestricke,2113167770,apestricke3z@nyu.edu,Tavu
145,Laurélie,Checcucci,3737323947,mcheccucci40@craigslist.org,Ntags
146,Sélène,Pomfrett,3663919058,kpomfrett41@tripadvisor.com,Wordtune
147,Dafnée,Durn,7355611275,bdurn42@simplemachines.org,Shufflester
148,Renée,Izard,4571391869,eizard43@blinklist.com,Photolist
149,Maëlla,Sandham,1743072369,lsandham44@salon.com,Podcat
150,Daphnée,Hutchins,1929702883,jhutchins45@howstuffworks.com,Skilith
151,Edmée,Hounson,4234132498,nhounson46@hibu.com,Nlounge
152,Tán,Dalloway,5581298074,adalloway47@chron.com,Cogidoo
153,Marie-thérèse,Mitford,1073909633,rmitford48@free.fr,Edgetag
154,Valérie,Souttar,5826309355,csouttar49@sphinn.com,Roodel
155,Athéna,Zincke,5631506684,gzincke4a@usda.gov,Rhybox
156,Noëlla,Andreichik,2822805686,jandreichik4b@amazon.co.uk,Ntag
157,Åke,Bake,1698797171,gbake4c@macromedia.com,Kayveo
158,Ophélie,Alpine,4349434274,balpine4d@dyndns.org,Oyoba
159,Amélie,Gindghill,4568849756,igindghill4e@globo.com,Voonyx
160,Léana,Wetherell,9441795273,awetherell4f@sciencedaily.com,Wikivu
161,Céline,Dudbridge,2495724953,odudbridge4g@google.com.au,Eayo
162,Kallisté,Iacovozzo,4886015445,eiacovozzo4h@redcross.org,Meemm
163,Magdalène,Gasnoll,5344698592,agasnoll4i@ameblo.jp,Realbuzz
164,Régine,Forrest,1239346843,dforrest4j@csmonitor.com,Meemm
165,Fèi,Crisall,3345003571,ncrisall4k@taobao.com,Skyba
166,Josée,Fissenden,3659344825,lfissenden4l@imdb.com,Jaxspan
167,Françoise,MacCrackan,8443094934,dmaccrackan4m@opera.com,Zoonoodle
168,Léonie,Andrew,3916086378,landrew4n@multiply.com,Feedfish
169,Maïly,Merryweather,6379350694,emerryweather4o@istockphoto.com,Flashpoint
170,Garçon,Denholm,3869195758,hdenholm4p@timesonline.co.uk,Edgeclub
171,Camélia,Wallbank,3579581778,dwallbank4q@scientificamerican.com,Tagfeed
172,Léane,Gerok,7133559543,lgerok4r@wisc.edu,Gabtype
173,Méng,Sugarman,6967549772,lsugarman4s@networksolutions.com,Quatz
174,Pénélope,Latham,6845216215,blatham4t@jigsy.com,Thoughtsphere
175,Åke,Clapson,1558900100,kclapson4u@europa.eu,Latz
176,Gérald,Duignan,1622432976,mduignan4v@gnu.org,Yamia
177,Åke,Mewitt,4529602086,gmewitt4w@tinyurl.com,Meevee
178,Mélissandre,Mazillius,9109431312,pmazillius4x@usgs.gov,Kayveo
179,Marlène,Colliver,8776380984,jcolliver4y@unc.edu,Vipe
180,Clélia,Godar,6603574972,hgodar4z@drupal.org,Skimia
181,Irène,Gammidge,5028306020,kgammidge50@indiatimes.com,Cogilith
182,Maïté,Ouldred,2426984067,aouldred51@altervista.org,Wordtune
183,Marie-hélène,Millbank,6067616001,mmillbank52@purevolume.com,Oodoo
184,Mélina,Giabucci,2388057843,jgiabucci53@umich.edu,Thoughtmix
185,Félicie,Dunk,7081316342,mdunk54@ask.com,Ntags
186,Clémentine,Taffs,6633942826,mtaffs55@webeden.co.uk,Photobug
187,Mà,Guillerman,7094840074,sguillerman56@blogger.com,Zoomlounge
188,Almérinda,Fransemai,3571983036,ffransemai57@surveymonkey.com,Bubblemix
189,Lucrèce,Knapp,2341852928,sknapp58@imgur.com,Jayo
190,Hélène,Lamy,8713723913,slamy59@google.com.au,Abatz
191,Pò,Haresnaip,2059324358,lharesnaip5a@mozilla.com,Oyondu
192,Zoé,Sidebottom,3797729339,hsidebottom5b@un.org,Thoughtmix
193,Geneviève,Lemary,8827344174,elemary5c@nytimes.com,Quinu
194,Cunégonde,Fairlie,9132744140,tfairlie5d@cbc.ca,Skinder
195,Maïlis,Ullrich,3331521283,wullrich5e@nasa.gov,DabZ
196,Clélia,Hadgkiss,4905608049,bhadgkiss5f@dion.ne.jp,Eare
197,Adèle,Avory,2268076929,savory5g@miitbeian.gov.cn,BlogXS
198,Pélagie,Planks,4184592072,gplanks5h@dmoz.org,Riffpath
199,Geneviève,Bernette,6275025240,hbernette5i@cnet.com,Flashdog
200,Yóu,Childrens,1353061680,tchildrens5j@washington.edu,Bluejam
201,Görel,Glitherow,6912377016,sglitherow5k@dion.ne.jp,Tavu
202,Célestine,Finnan,1487143429,dfinnan5l@cocolog-nifty.com,Kanoodle
203,Nuó,Bortolotti,4982826429,sbortolotti5m@hatena.ne.jp,Twitterwire
204,Clélia,Wallas,7653017831,rwallas5n@icq.com,Fivechat
205,Liè,Risdall,9623695851,hrisdall5o@abc.net.au,Divavu
206,Régine,Tolland,7613157398,itolland5p@free.fr,Pixoboo
207,Anaïs,Taffe,9698094094,btaffe5q@phpbb.com,Voonder
208,Mà,Felkin,5265800980,mfelkin5r@dagondesign.com,Wikibox
209,Nélie,Fer,2408841355,lfer5s@bandcamp.com,Shuffledrive
210,Daphnée,Dimock,6934601064,tdimock5t@e-recht24.de,Voonyx
211,Véronique,Pods,1959508315,rpods5u@shinystat.com,Mymm
212,Mélina,Sommerland,5059579114,zsommerland5v@weebly.com,Bubblebox
213,Bérangère,Parkeson,4976242283,jparkeson5w@reference.com,Skyble
214,Bénédicte,Fisk,9016613613,sfisk5x@weibo.com,Oyope
215,Lóng,Gilbert,3695207703,dgilbert5y@washington.edu,Yata
216,Adélaïde,Coleshill,5734738290,ucoleshill5z@globo.com,Buzzdog
217,Yè,O'Carran,2293036281,jocarran60@mlb.com,Wikibox
218,Annotée,De Mattia,8813277768,vdemattia61@sogou.com,Mynte
219,Dù,Huyhton,8963872871,ghuyhton62@edublogs.org,Kimia
220,Régine,Ilem,3673858270,tilem63@livejournal.com,Dynava
221,Maëlle,Pharrow,1782597640,ypharrow64@bloomberg.com,Brainbox
222,Loïs,MacGaffey,4221945241,jmacgaffey65@army.mil,Abata
223,Maëlann,Tunbridge,6078644690,ntunbridge66@blogtalkradio.com,Kaymbo
224,Thérèse,Jacobi,4495640279,pjacobi67@woothemes.com,Devshare
225,Kù,Lubbock,9784450622,llubbock68@e-recht24.de,Tagfeed
226,Almérinda,Shrimptone,3669023092,ashrimptone69@icio.us,Oodoo
227,Lyséa,Gregs,9641153092,jgregs6a@opera.com,Einti
228,Björn,Treppas,2618661800,rtreppas6b@posterous.com,Flashset
229,Cunégonde,Rearie,6868323622,lrearie6c@plala.or.jp,Brightbean
230,Simplifiés,Edgerly,9479644691,fedgerly6d@msu.edu,Yata
231,Pélagie,Butrimovich,9637628479,kbutrimovich6e@reference.com,Twimbo
232,Åke,Benardeau,4109338432,sbenardeau6f@time.com,Nlounge
233,Faîtes,Garrat,9542491526,cgarrat6g@so-net.ne.jp,Yodo
234,Bérangère,Piotrowski,2798164425,epiotrowski6h@reuters.com,Zoomcast
235,Agnès,Verrell,2579108154,rverrell6i@google.com.br,Oyoba
236,Solène,McOmish,9374942000,imcomish6j@youtube.com,Flipopia
237,Céline,Ickovits,5073653643,jickovits6k@ebay.com,Topiczoom
238,Mélissandre,Scarbarrow,3095876744,rscarbarrow6l@ameblo.jp,Photobean
239,Judicaël,Norster,2735705332,wnorster6m@posterous.com,Camido
240,Cécilia,Goodisson,4495882294,dgoodisson6n@mashable.com,Centidel
241,Dafnée,Fautley,5635364621,wfautley6o@slashdot.org,Voonte
242,Véronique,Scamerdine,8855203046,ascamerdine6p@wordpress.org,Mybuzz
243,Méng,Ovington,5844689803,lovington6q@whitehouse.gov,Aivee
244,Solène,Tuther,4045014901,ytuther6r@yahoo.co.jp,Topicware
245,Françoise,Butterly,4104537196,cbutterly6s@t-online.de,Tagtune
246,Salomé,Nisius,3321000227,bnisius6t@jigsy.com,Jabberbean
247,Maëlys,Blakeley,2914054779,qblakeley6u@slashdot.org,Dynabox
248,Régine,Carrol,3216749070,jcarrol6v@whitehouse.gov,Meejo
249,Solène,Roylance,4478428848,lroylance6w@nature.com,Photobean
250,Liè,Gierok,3988548078,sgierok6x@ucla.edu,Photobug
251,Mélanie,Arendt,5763450166,sarendt6y@java.com,Twimbo
252,Adélaïde,Cleft,7462039106,bcleft6z@amazon.de,Skidoo
253,Réjane,Heinzler,8544863771,oheinzler70@skyrock.com,Mudo
254,Garçon,Bowyer,9649087530,lbowyer71@howstuffworks.com,Tazzy
255,Simplifiés,Pharro,3644115460,kpharro72@cdc.gov,Topiclounge
256,Marlène,Dicty,7501027409,cdicty73@networkadvertising.org,Aivee
257,Eugénie,Smeeton,6495880155,csmeeton74@pcworld.com,Bluezoom
258,Wá,Caccavella,8176105195,acaccavella75@photobucket.com,Rhyloo
259,Laurène,Golsby,6572348579,egolsby76@nationalgeographic.com,Camimbo
260,Anaé,Allbones,9035826754,eallbones77@example.com,Jaxworks
261,Faîtes,Stowe,4928055624,cstowe78@mapy.cz,Dynazzy
262,Danièle,Brumham,4538524351,ibrumham79@tinypic.com,Wikizz
263,Méthode,Hakeworth,7182948514,mhakeworth7a@multiply.com,Chatterbridge
264,Clémentine,Klemps,1002866806,bklemps7b@sakura.ne.jp,Flashset
265,Mélanie,Codd,1312373409,acodd7c@cisco.com,Meedoo
266,Félicie,Leven,2836919168,mleven7d@liveinternet.ru,Vinte
267,Maïwenn,Ibberson,3664717816,jibberson7e@buzzfeed.com,Demizz
268,Frédérique,Couroy,1271891262,bcouroy7f@ed.gov,Yozio
269,Åslög,Siney,5138571249,psiney7g@tamu.edu,Vipe
270,Maëlle,Barkhouse,6215744307,kbarkhouse7h@ihg.com,Twinder
271,Liè,Percival,6605570048,vpercival7i@nifty.com,Oyoba
272,Eléa,Checchetelli,1498174592,hchecchetelli7j@about.me,Mudo
273,Valérie,Prinnett,4119120797,hprinnett7k@techcrunch.com,Fivebridge
274,Anaé,Conochie,5686658012,oconochie7l@amazon.de,Babbleblab
275,Méthode,Habbeshaw,6537802506,bhabbeshaw7m@fotki.com,Rhycero
276,Maëlle,Bau,8131089505,abau7n@rambler.ru,Gigashots
277,Séverine,Olyfat,7427360399,bolyfat7o@patch.com,Voomm
278,Vénus,Raulstone,1912214726,lraulstone7p@independent.co.uk,Gigabox
279,Sòng,Laviss,5968503696,alaviss7q@ehow.com,Tagpad
280,Irène,Draaisma,2495405805,adraaisma7r@state.tx.us,Dablist
281,Médiamass,Folan,4425621147,cfolan7s@example.com,Gabtune
282,Angèle,Mitchinson,3739076056,bmitchinson7t@apple.com,Jaxspan
283,Maéna,Kale,4847116073,rkale7u@yellowbook.com,Skippad
284,Anaé,Frede,6663249800,cfrede7v@blogs.com,Fatz
285,Réjane,Tombleson,5553120762,ctombleson7w@admin.ch,Skinder
286,Mélia,Gilbane,6075652008,zgilbane7x@seattletimes.com,Yacero
287,Thérèsa,Vern,8532789439,jvern7y@comcast.net,Oyondu
288,Pò,Casacchia,5732100912,mcasacchia7z@diigo.com,Skilith
289,Maëly,Flute,4855195739,aflute80@sogou.com,Aibox
290,Marlène,Hammelberg,1613389462,mhammelberg81@opensource.org,Livepath
291,Yáo,Hollington,4292474467,chollington82@cornell.edu,Fivebridge
292,Clémence,Dodds,4709461934,rdodds83@cmu.edu,Yambee
293,Lauréna,O'Fallone,8297798803,nofallone84@cnn.com,Kwilith
294,Maïté,Bagenal,1291726080,abagenal85@acquirethisname.com,Skyndu
295,Ruò,Lettsom,6913702784,olettsom86@xing.com,Yotz
296,Garçon,Coyle,4421365380,jcoyle87@wufoo.com,Roombo
297,Stévina,Keaveny,2413456512,hkeaveny88@latimes.com,Feedfish
298,Lén,Dallicott,6745079095,gdallicott89@boston.com,Centizu
299,Méline,Gribben,7828074254,hgribben8a@china.com.cn,Rooxo
300,Dà,Haymes,6117754299,ahaymes8b@narod.ru,Brightbean
301,Faîtes,Castiglio,1731141885,lcastiglio8c@imageshack.us,Leexo
302,Personnalisée,Killcross,4985753829,dkillcross8d@nih.gov,Yakitri
303,Néhémie,Staley,3719565524,dstaley8e@cpanel.net,Voomm
304,Almérinda,Klewer,4281795848,dklewer8f@weibo.com,Flipbug
305,Åslög,Cafferky,7562007291,dcafferky8g@craigslist.org,Gigazoom
306,Björn,Assiter,5049079839,sassiter8h@addthis.com,Yamia
307,Åslög,Megainey,5401597040,fmegainey8i@plala.or.jp,Nlounge
308,Béatrice,Wickie,8527448449,fwickie8j@tiny.cc,Mynte
309,Tán,Illesley,8884551186,aillesley8k@flickr.com,Omba
310,Cécile,Vogeler,4585396929,rvogeler8l@independent.co.uk,Skimia
311,Maïlys,Housam,7007528163,ahousam8m@sitemeter.com,Aimbu
312,Marie-thérèse,Lukock,5457248730,wlukock8n@last.fm,Oyope
313,Kù,Borne,1237561354,sborne8o@soundcloud.com,Gabcube
314,Vénus,Ginn,2173740081,mginn8p@yelp.com,Babblestorm
315,Judicaël,Benford,1937326534,lbenford8q@is.gd,Jazzy
316,Frédérique,Kingwell,9551217145,ckingwell8r@wufoo.com,Jazzy
317,Adélaïde,Conelly,8204401605,uconelly8s@smugmug.com,Kazu
318,Estève,Franzetti,8565264718,rfranzetti8t@google.com,Voonix
319,Agnès,Meadowcraft,3789412180,kmeadowcraft8u@wufoo.com,Skiptube
320,Maïwenn,Corneljes,4157132448,acorneljes8v@facebook.com,Avaveo
321,Léone,Sheepy,4921201901,vsheepy8w@etsy.com,Einti
322,Mélys,Peaseman,6314799128,npeaseman8x@pagesperso-orange.fr,Meevee
323,Maëly,Syder,9865685582,lsyder8y@globo.com,Chatterpoint
324,Cécilia,Bresner,2469958804,hbresner8z@npr.org,Edgeclub
325,Maëlle,Hinrichs,6765906838,whinrichs90@salon.com,Twitterworks
326,Östen,O'Flynn,3311200570,noflynn91@yahoo.co.jp,Riffpedia
327,Inès,Arnull,3221682914,aarnull92@naver.com,Zoonoodle
328,Léane,Caddie,9055811106,fcaddie93@dion.ne.jp,Nlounge
329,Gaétane,Jentges,5409892446,bjentges94@wired.com,Katz
330,Aí,Dimeloe,1257465492,odimeloe95@tumblr.com,Fiveclub
331,Lauréna,Aldis,5826838971,maldis96@last.fm,Yakidoo
332,Ráo,Trever,6933969542,atrever97@diigo.com,Oozz
333,Östen,Bemment,7801328306,abemment98@wordpress.com,Gigashots
334,Almérinda,Langstone,6949601512,clangstone99@cbslocal.com,Realcube
335,Méline,Michieli,1395854616,mmichieli9a@webs.com,Mydo
336,Nuó,Viel,8798685638,cviel9b@hibu.com,Ntag
337,Yè,Simenot,7195475664,ssimenot9c@soup.io,Roomm
338,Véronique,Olivey,7659363396,polivey9d@nature.com,Shufflester
339,Anaël,Slesser,4529242960,cslesser9e@cdbaby.com,Minyx
340,Örjan,Ison,5591590000,bison9f@statcounter.com,Yakitri
341,Maïwenn,Kidston,2287547623,kkidston9g@eepurl.com,Quinu
342,Adélie,Elsop,6893028227,velsop9h@wired.com,Edgeblab
343,Lài,Fall,8765426143,gfall9i@army.mil,Voonyx
344,Anaël,Rosenblath,2021364212,vrosenblath9j@constantcontact.com,LiveZ
345,Léone,Blackly,3976060905,nblackly9k@washington.edu,Skyndu
346,Maïlis,Burnapp,6295146412,pburnapp9l@china.com.cn,Linktype
347,Görel,Maylin,1081719761,smaylin9m@networkadvertising.org,Tagchat
348,Néhémie,Picken,2517767570,apicken9n@mlb.com,Aimbu
349,Lóng,Salack,3964905500,csalack9o@bravesites.com,Zoomzone
350,Gaëlle,Fairbanks,6748506719,pfairbanks9p@fotki.com,Quimm
351,Andrée,Bardell,7099291765,mbardell9q@earthlink.net,Edgepulse
352,Ophélie,Cunney,7183420644,dcunney9r@facebook.com,Skaboo
353,Céline,Chomicz,5817890572,bchomicz9s@yahoo.com,Twiyo
354,Garçon,Roger,5951736463,croger9t@businessinsider.com,Cogidoo
355,Chloé,Ferruzzi,3546214994,vferruzzi9u@wikipedia.org,Npath
356,Sòng,Spinola,2838176200,mspinola9v@howstuffworks.com,Realcube
357,Táng,Bezzant,6126724865,pbezzant9w@meetup.com,Latz
358,Märta,Trundler,2536014139,ptrundler9x@walmart.com,Eire
359,Illustrée,Dankov,7224828298,gdankov9y@istockphoto.com,Youspan
360,Björn,Campana,9382985356,rcampana9z@businesswire.com,Zoomlounge
361,Stévina,Rowly,9071766878,prowlya0@nationalgeographic.com,Rhynyx
362,Mélissandre,Van der Hoven,3053182700,fvanderhovena1@businessinsider.com,Livetube
363,Eléa,Baskwell,1101691092,ebaskwella2@slashdot.org,Gabtype
364,Angélique,Trood,9717875598,rtrooda3@msn.com,Zazio
365,Léonore,Stood,9067756572,cstooda4@feedburner.com,Miboo
366,Célestine,Husband,3528534547,rhusbanda5@4shared.com,Jatri
367,Pélagie,Dax,6326666174,rdaxa6@usatoday.com,Gigazoom
368,Kù,Aslet,3518248801,nasleta7@spiegel.de,Avamm
369,Angélique,Fausset,6515294703,efausseta8@bloomberg.com,Photospace
370,Anaé,Bryan,3773635208,sbryana9@nsw.gov.au,Fivebridge
371,Mélina,Rayworth,2871274443,mrayworthaa@theatlantic.com,Skilith
372,Dù,Mulhall,9512858383,mmulhallab@hud.gov,Realcube
373,Stévina,Kernoghan,6573852589,ekernoghanac@businessweek.com,Quinu
374,Adélaïde,Murgatroyd,1839424494,nmurgatroydad@engadget.com,Bubblebox
375,Eléonore,Gooch,5953466114,bgoochae@bloglovin.com,Oyondu
376,Pål,Gobbet,3174153352,lgobbetaf@constantcontact.com,Skidoo
377,Hélèna,McAuliffe,3599234770,cmcauliffeag@tinypic.com,Livetube
378,Yú,Langsdon,9787947191,slangsdonah@istockphoto.com,Rhyloo
379,Maëlys,Foard,4068334595,jfoardai@dropbox.com,Demivee
380,Marie-ève,Manoelli,1574933488,nmanoelliaj@facebook.com,Kazu
381,Danièle,Guidera,8938605777,gguideraak@amazonaws.com,BlogXS
382,Maéna,Grasser,7314257137,hgrasseral@ibm.com,Blogtag
383,Marie-noël,Lidbetter,5083673573,slidbetteram@trellian.com,Trilith
384,Mén,Chater,2394494210,kchateran@engadget.com,Devshare
385,Marie-noël,MacConneely,3486193598,jmacconneelyao@japanpost.jp,Vipe
386,Maïté,Evitt,6303832103,cevittap@tiny.cc,Buzzdog
387,Lóng,Gimblet,4444661197,kgimbletaq@wikia.com,Yakijo
388,Aí,Epine,6501545844,bepinear@kickstarter.com,Realfire
389,Maïlys,Storres,6197695253,lstorresas@eepurl.com,Zoombeat
390,Östen,Crayke,5058799457,jcraykeat@unicef.org,Buzzdog
391,Maï,Piniur,9857506732,cpiniurau@list-manage.com,Trudeo
392,Rébecca,Laguerre,4712983788,rlaguerreav@joomla.org,Camimbo
393,Eugénie,Koenen,3609333710,mkoenenaw@studiopress.com,Snaptags
394,Marylène,Baddoe,4136853132,rbaddoeax@taobao.com,Jatri
395,Irène,Tytcomb,6549352717,dtytcombay@so-net.ne.jp,Demizz
396,Annotés,Neggrini,4061075589,pneggriniaz@cbc.ca,Yodoo
397,Léa,O'Logan,7005275631,eologanb0@wisc.edu,Edgeblab
398,Angélique,Mant,1254354805,gmantb1@prnewswire.com,Leenti
399,Almérinda,Oman,6504136771,aomanb2@eventbrite.com,Quinu
400,Salomé,Dullingham,4316840750,ldullinghamb3@naver.com,Plajo
401,Marlène,Sima,5374619932,msimab4@last.fm,Oba
402,Mélanie,Lory,5765757735,yloryb5@ucoz.com,Fliptune
403,Médiamass,Bizley,4983868706,abizleyb6@ning.com,Twitterwire
404,Mahélie,Raecroft,5683973803,traecroftb7@rakuten.co.jp,Meedoo
405,Märta,Rann,8173715396,hrannb8@dot.gov,Thoughtsphere
406,Béatrice,Lavers,2057235676,slaversb9@goodreads.com,Twitterlist
407,Kuí,Stawell,5075157526,wstawellba@joomla.org,Abata
408,Régine,Cuttelar,1377124755,dcuttelarbb@nationalgeographic.com,Yakitri
409,Marie-thérèse,Kuhndel,8772347091,hkuhndelbc@cdbaby.com,Photojam
410,Nadège,Fortun,8503718362,afortunbd@gov.uk,Skinix
411,Marie-noël,Dosdell,5735182522,bdosdellbe@fotki.com,Kanoodle
412,Eugénie,Willeman,4051486669,zwillemanbf@dedecms.com,Livefish
413,Naëlle,Lehrer,5522051131,llehrerbg@samsung.com,Divanoodle
414,Gösta,Snodden,2113582395,csnoddenbh@desdev.cn,Oyonder
415,Félicie,Stacy,2802330721,sstacybi@cdc.gov,InnoZ
416,Håkan,Basillon,1788535325,wbasillonbj@pen.io,Thoughtstorm
417,Rébecca,Farnes,4481478155,bfarnesbk@google.ca,Feedfire
418,Audréanne,Fairleigh,8757091672,dfairleighbl@g.co,Voolia
419,Réservés,Phalip,8539252511,ephalipbm@ox.ac.uk,Zava
420,Méng,Pendergrast,9499436349,tpendergrastbn@zimbio.com,Voonyx
421,Méthode,Whorf,3855817535,gwhorfbo@eventbrite.com,Jaloo
422,Clémence,MacKomb,5802622404,rmackombbp@ted.com,Dynava
423,Garçon,Gourlay,3715976767,bgourlaybq@webs.com,Quamba
424,Miléna,Defond,1178754223,bdefondbr@gov.uk,Skipfire
425,Léana,Outright,2006919361,toutrightbs@free.fr,Devpoint
426,Miléna,Antonioni,5174830697,cantonionibt@omniture.com,Edgeclub
427,Cécilia,Peacham,4636533634,kpeachambu@google.co.jp,Twitternation
428,Danièle,Cason,5202046627,jcasonbv@dot.gov,Wikizz
429,Adélaïde,Bolzmann,1629556270,rbolzmannbw@deviantart.com,Skyndu
430,Cléa,Sancroft,9826623945,bsancroftbx@archive.org,Brainlounge
431,Léandre,Seawright,9359071176,cseawrightby@pbs.org,Zoomzone
432,Fèi,Lowrey,2303261547,clowreybz@weather.com,Vidoo
433,Loïc,Haynesford,4979303641,vhaynesfordc0@hud.gov,Mydeo
434,Börje,Bower,9955788281,kbowerc1@macromedia.com,Babbleset
435,Hélène,Stagg,9374917708,hstaggc2@github.com,Muxo
436,Eloïse,Claige,8432164012,fclaigec3@statcounter.com,Yotz
437,Marie-josée,Caherny,8728020809,gcahernyc4@vkontakte.ru,Fanoodle
438,Léa,Ellerbeck,9993314178,cellerbeckc5@salon.com,Wikizz
439,Eliès,Ianetti,2274710092,zianettic6@fotki.com,Dablist
440,Gaïa,Dallison,5827055966,jdallisonc7@oakley.com,Gabtype
441,Rébecca,Allgood,3031364634,iallgoodc8@altervista.org,Eadel
442,Irène,Heinel,1996653201,jheinelc9@yahoo.co.jp,Gevee
443,Marylène,Harhoff,4152388127,rharhoffca@huffingtonpost.com,Aimbu
444,Publicité,Kaming,9531449694,dkamingcb@cisco.com,Yambee
445,Camélia,Skakunas,9585946477,sskakunascc@dot.gov,Zazio
446,Thérèse,Bentham3,9936512640,abenthamcd@cocolog-nifty.com,Eamia
447,Vérane,Blandamore,2052324425,kblandamorece@uol.com.br,Eire
448,Réservés,McGillivray,5934650490,rmcgillivraycf@adobe.com,Camimbo
449,Yáo,Fantone,4038117499,sfantonecg@alexa.com,Mymm
450,Clémence,Grigolashvill,3267876040,mgrigolashvillch@spiegel.de,Photospace
451,Aí,Garard,5979136167,egarardci@skyrock.com,Flashspan
452,Mélina,Gronaller,8156447346,bgronallercj@sakura.ne.jp,Jabbercube
453,Börje,Bleddon,6134430308,fbleddonck@cnn.com,Youtags
454,Valérie,Denney,8979879826,adenneycl@nydailynews.com,Livetube
455,Anaïs,Learmouth,6814777059,llearmouthcm@state.gov,Voolith
456,Audréanne,Olley,7999070761,aolleycn@microsoft.com,Tazzy
457,Loïc,Krol,7859339806,akrolco@deliciousdays.com,Flipopia
458,Måns,Lantaph,8822152110,alantaphcp@livejournal.com,Kwilith
459,Tán,Cutress,1659894331,lcutresscq@gov.uk,Reallinks
460,Marie-hélène,Creus,2159423222,acreuscr@squidoo.com,Oyoyo
461,Réservés,Heatlie,8081092690,zheatliecs@ameblo.jp,Zoomzone
462,Annotés,Konke,8885253516,hkonkect@toplist.cz,Mydeo
463,Lài,Jacobovitch,3505554726,bjacobovitchcu@example.com,Aimbu
464,Mahélie,Hanshaw,9051480831,thanshawcv@icio.us,Wikibox
465,Faîtes,De Hailes,6414327393,sdehailescw@oakley.com,Divavu
466,Naëlle,Brandham,5358211922,mbrandhamcx@slate.com,Midel
467,Adèle,Westwick,5389937200,twestwickcy@mlb.com,Buzzshare
468,Zoé,Ebdin,5125991174,kebdincz@tinyurl.com,Gabspot
469,Joséphine,De Robertis,7737804223,kderobertisd0@seattletimes.com,Mynte
470,Andréanne,Ellin,5209049287,lellind1@spiegel.de,Twitterlist
471,Mélinda,Huckfield,3809154947,lhuckfieldd2@google.com.hk,Flashspan
472,Dù,Benzing,4782265493,gbenzingd3@hugedomains.com,Voomm
473,Illustrée,Beeswing,9013574722,cbeeswingd4@cpanel.net,Tekfly
474,Adélie,Decker,9267006660,edeckerd5@slideshare.net,Vitz
475,Séverine,McQuillen,5405442220,smcquillend6@eepurl.com,Eadel
476,Dorothée,Gabriel,4279784061,igabrield7@toplist.cz,Zoombeat
477,Edmée,Benedit,3862912160,gbeneditd8@wix.com,Yodoo
478,Örjan,Maliffe,7844546044,lmaliffed9@netscape.com,Tambee
479,Eloïse,Pate,4831368517,tpateda@discuz.net,Talane
480,Mélina,Whittington,7771184294,fwhittingtondb@alexa.com,Fivespan
481,Örjan,Sweedy,4562019103,rsweedydc@reddit.com,Brightdog
482,Adèle,Holde,2673941351,sholdedd@xinhuanet.com,Tazz
483,Marylène,Attiwill,9897100384,kattiwillde@ibm.com,Topicblab
484,Desirée,Cudmore,7327225080,acudmoredf@joomla.org,Yotz
485,Eliès,Sorton,9508482908,asortondg@prlog.org,Realcube
486,Pål,Allenson,1853161116,sallensondh@mozilla.org,Topicblab
487,Maëlla,Sommerlin,9411042604,dsommerlindi@sohu.com,Zoozzy
488,Almérinda,Andrejevic,7254777172,sandrejevicdj@mysql.com,Tazzy
489,Marie-josée,Tween,5383283029,stweendk@wikispaces.com,Brainlounge
490,Yú,Isaacs,5411064909,lisaacsdl@lulu.com,Jetpulse
491,Eléa,Kiddell,1767938173,dkiddelldm@list-manage.com,Jetpulse
492,Marie-françoise,Santori,7925880002,gsantoridn@weebly.com,Mynte
493,Görel,Benko,9045471872,wbenkodo@prweb.com,Gabtune
494,Stévina,Fewell,3086099905,hfewelldp@topsy.com,Vipe
495,André,Geraud,4468049794,fgerauddq@businesswire.com,Yakitri
496,Gaïa,Cavey,4255599295,ncaveydr@ezinearticles.com,Katz
497,Nélie,Agett,5521885953,ragettds@time.com,Jamia
498,Mårten,Craister,3716760434,acraisterdt@prlog.org,Skidoo
499,Dù,North,7534435692,enorthdu@oracle.com,Kwinu
500,Rachèle,Dace,2809073139,bdacedv@mit.edu,Demimbu
501,Kévina,Snawden,9029162259,lsnawdendw@bbb.org,Devshare
502,Lucrèce,Matyushkin,1493496466,dmatyushkindx@lulu.com,Buzzdog
503,Fèi,Beddo,2727905963,sbeddody@issuu.com,Vitz
504,Sòng,Kervin,2702825717,skervindz@t.co,Tagtune
505,Lóng,Zorer,1968384478,mzorere0@blogspot.com,Flashdog
506,Göran,Cressor,4524523185,pcressore1@google.co.jp,Leexo
507,Salomé,Hudghton,7241048596,ghudghtone2@xrea.com,Jayo
508,Maéna,Simounet,1861035033,fsimounete3@odnoklassniki.ru,Jaxworks
509,Séréna,Lampens,8002988191,plampense4@vistaprint.com,Cogidoo
510,Kévina,Caddies,7924591988,ucaddiese5@ft.com,Youopia
511,Aimée,Mustchin,3887750619,rmustchine6@twitpic.com,Lazz
512,Stéphanie,Josefson,4116484084,sjosefsone7@japanpost.jp,Zoonder
513,André,Wyrill,7723735417,dwyrille8@netvibes.com,Livetube
514,Sòng,Dunbleton,8826537232,fdunbletone9@aboutads.info,Yabox
515,Bérangère,Tombling,2885959732,ytomblingea@mit.edu,Eabox
516,Thérèse,Crudgington,5958753688,wcrudgingtoneb@1und1.de,Photojam
517,Pål,Giacobini,8869122908,bgiacobiniec@hexun.com,Brainverse
518,Estée,Cortese,9029197808,tcorteseed@accuweather.com,Jaloo
519,Annotés,Mursell,6355979635,kmursellee@xrea.com,Mynte
520,Vénus,Hebblewaite,5102359434,shebblewaiteef@github.com,Oyoba
521,Maïlys,Syer,8971481863,dsyereg@comcast.net,Viva
522,Maëlann,Spollen,7976642276,espolleneh@geocities.com,Devpoint
523,Chloé,Matteuzzi,2211362377,cmatteuzziei@skyrock.com,Brightdog
524,Gwenaëlle,Mawer,2726281058,cmawerej@t-online.de,Browsecat
525,Marie-ève,Blaske,2369227719,mblaskeek@quantcast.com,Oyope
526,Valérie,Charleston,1399059214,jcharlestonel@mashable.com,Abata
527,Daphnée,Darrel,7754247562,gdarrelem@ft.com,Buzzshare
528,Alizée,D'Errico,9692592249,yderricoen@telegraph.co.uk,Feedspan
529,Sòng,Chesley,6567557395,jchesleyeo@mashable.com,Twitterwire
530,Audréanne,Cadagan,6068632647,pcadaganep@studiopress.com,Quimba
531,Håkan,Honatsch,5878494454,mhonatscheq@photobucket.com,Abata
532,Léa,McNeilley,7294313257,amcneilleyer@example.com,Demivee
533,Estée,Lantaff,1138631596,wlantaffes@photobucket.com,Gabvine
534,Anaé,Vayne,9026306743,lvayneet@wikispaces.com,Linklinks
535,Mélina,Coultar,4299330078,acoultareu@facebook.com,Divanoodle
536,Mélodie,Knowlman,1295941839,oknowlmanev@php.net,Zazio
537,Eloïse,O' Brian,7204335938,robrianew@dyndns.org,Youopia
538,Mårten,Roscow,9064734531,kroscowex@msn.com,Myworks
539,Aloïs,Paolinelli,7657592815,dpaolinelliey@yahoo.com,Zoonoodle
540,Athéna,Balch,8191423797,obalchez@unicef.org,Vidoo
541,Andréa,Breazeall,6659815954,fbreazeallf0@chron.com,Topiczoom
542,Mén,Avrahamof,2355993503,wavrahamoff1@adobe.com,Topdrive
543,Gaïa,Barbrick,2238738119,pbarbrickf2@mapquest.com,Topiczoom
544,Daphnée,Juliff,8123662287,yjulifff3@nyu.edu,Innojam
545,Joséphine,Ciciari,2044082118,jciciarif4@huffingtonpost.com,Roombo
546,Gérald,Colman,7339640931,dcolmanf5@reuters.com,Youtags
547,Maïly,Foulser,9293421909,bfoulserf6@phpbb.com,Dablist
548,Mélanie,Lyle,7809651588,alylef7@google.co.uk,Skimia
549,Annotés,Eliassen,8254407869,aeliassenf8@ftc.gov,Izio
550,Angèle,Tunnicliff,5037356627,wtunniclifff9@ask.com,Wikivu
551,Renée,Keeton,1856547216,ekeetonfa@cdc.gov,Quimm
552,Örjan,Cramp,7364306689,dcrampfb@paginegialle.it,Nlounge
553,Médiamass,Prettyman,5065536256,cprettymanfc@newyorker.com,Thoughtmix
554,Bécassine,Bairstow,9343478231,hbairstowfd@google.com.hk,Oyope
555,Maéna,Bidmead,3445323602,jbidmeadfe@ftc.gov,Mita
556,Gaïa,Edwicke,3195847663,nedwickeff@soundcloud.com,Meemm
557,Ruò,BURWIN,3167622538,dburwinfg@google.ca,Zoomdog
558,Maïté,Guiett,1695049499,dguiettfh@163.com,Topicstorm
559,Fèi,Cawthron,7275779821,ecawthronfi@zdnet.com,Riffpath
560,Eloïse,Iuorio,9212127411,giuoriofj@abc.net.au,Wordify
561,Noémie,Silkstone,3818540062,dsilkstonefk@free.fr,Mynte
562,Lauréna,Ludlow,1113418890,cludlowfl@tamu.edu,Riffpedia
563,Nadège,Buttwell,4537747245,mbuttwellfm@booking.com,Voonte
564,Ruì,Reddish,8666919522,areddishfn@scribd.com,Oyondu
565,Nélie,Heinke,5818842751,sheinkefo@thetimes.co.uk,Latz
566,Valérie,Haddrell,3968001574,ahaddrellfp@amazon.co.jp,Eayo
567,Loïs,Weymont,3032115865,fweymontfq@constantcontact.com,Babbleblab
568,Solène,Boreham,9864187193,aborehamfr@shinystat.com,Feednation
569,Méng,Padbery,9782206590,npadberyfs@umich.edu,Skimia
570,Desirée,Westnedge,6135595846,iwestnedgeft@rakuten.co.jp,Photobug
571,Méryl,Whiston,7594983619,swhistonfu@ft.com,Jaxbean
572,Maëlyss,Steeples,2114694464,msteeplesfv@wisc.edu,Zazio
573,Mélina,Boissier,8398155549,pboissierfw@mashable.com,Mybuzz
574,Cécile,Zanicchi,3996738569,vzanicchifx@fda.gov,Meetz
575,Frédérique,Flips,6636640454,pflipsfy@slashdot.org,Yamia
576,Fèi,Lealle,2205898504,sleallefz@networksolutions.com,Buzzster
577,Aí,Twidale,4551717748,ptwidaleg0@de.vu,Zoovu
578,Marie-josée,Costi,1988812284,jcostig1@purevolume.com,Eimbee
579,Gérald,Riggs,4589314851,mriggsg2@blogger.com,Feedbug
580,Anaé,Brokenshaw,9889724252,mbrokenshawg3@google.com,Bubbletube
581,Tú,Roblett,6421285329,lroblettg4@wikimedia.org,Flipbug
582,Wá,Goodger,2878195983,sgoodgerg5@google.nl,Photolist
583,Eugénie,D'orsay,6291109257,cdorsayg6@europa.eu,Geba
584,Pål,Spaven,2881321782,cspaveng7@microsoft.com,Linkbuzz
585,Sòng,Burnard,1399539073,bburnardg8@slashdot.org,Gabvine
586,Adèle,Farrin,2537032503,lfarring9@sciencedirect.com,Gevee
587,Åslög,Toller,6235860711,dtollerga@ted.com,Divanoodle
588,Lèi,Schankelborg,1843721471,dschankelborggb@google.cn,Dabtype
589,Chloé,Todeo,1387866517,ktodeogc@blogspot.com,Dynazzy
590,Michèle,Grocutt,4322607075,ugrocuttgd@bravesites.com,Oyondu
591,Angèle,Bauser,4821589769,bbauserge@storify.com,Dabtype
592,Françoise,Quigley,4455835387,aquigleygf@shop-pro.jp,Flashpoint
593,Cinéma,Barrack,2035937980,jbarrackgg@stanford.edu,Minyx
594,Pål,Kremer,1171121414,ckremergh@webmd.com,Ainyx
595,Crééz,Steer,1689332299,msteergi@arstechnica.com,Meejo
596,Marylène,Thirlaway,6676653069,kthirlawaygj@chronoengine.com,Realcube
597,Mylène,Hamly,4603913095,bhamlygk@aol.com,Photofeed
598,Daphnée,Plaister,6514115578,pplaistergl@whitehouse.gov,Babblestorm
599,Léane,Manners,3625092122,kmannersgm@barnesandnoble.com,Photolist
600,Ráo,La Batie,7503105624,alabatiegn@un.org,Zava
601,Léandre,Cuxon,6551137137,wcuxongo@hugedomains.com,Skyble
602,Bécassine,Fernely,3778620953,ffernelygp@bizjournals.com,Browsebug
603,Maëlann,Saphir,9507327546,dsaphirgq@slate.com,Ntag
604,Camélia,Knights,9314205163,cknightsgr@springer.com,Ntags
605,Cécilia,Hannis,9282275827,nhannisgs@vk.com,Dabvine
606,Marie-thérèse,Overlow,7828496921,goverlowgt@fotki.com,Abatz
607,Mårten,Leeds,5122215221,sleedsgu@home.pl,Tagcat
608,Gwenaëlle,Jestico,8117948683,hjesticogv@ca.gov,Browsezoom
609,Noëlla,Parley,9681823385,pparleygw@goo.gl,Gigabox
610,Loïc,Helliar,8423896509,zhelliargx@so-net.ne.jp,Babblestorm
611,Méthode,Oulner,3639951537,joulnergy@jigsy.com,Tagchat
612,Solène,Turley,1182507510,pturleygz@mtv.com,Katz
613,Dù,Dongall,2577830040,kdongallh0@biglobe.ne.jp,Oloo
614,Lài,Cooley,5434451039,ccooleyh1@t.co,Mybuzz
615,Bérangère,Restall,1615524169,prestallh2@yelp.com,Eazzy
616,Garçon,Monte,6248334863,amonteh3@cdbaby.com,Blogpad
617,Björn,McFadden,8519782351,kmcfaddenh4@hostgator.com,Voonix
618,Mélissandre,Boken,7432501007,jbokenh5@cafepress.com,Twitternation
619,Gaétane,Pine,9339299663,bpineh6@time.com,Plambee
620,Örjan,Francesc,9364166271,gfrancesch7@list-manage.com,Quatz
621,Mélissandre,Jeaffreson,3858089096,ojeaffresonh8@google.cn,Feedspan
622,Laurélie,Gatus,9149151880,bgatush9@typepad.com,Tagcat
623,Régine,Rollings,4826017477,brollingsha@usnews.com,Zoomzone
624,Nuó,Carman,9051602948,acarmanhb@theglobeandmail.com,Realbridge
625,Eugénie,Kelloch,5738947153,dkellochhc@utexas.edu,Edgetag
626,Léane,Thorsen,7705447180,gthorsenhd@shop-pro.jp,Jaxnation
627,Gösta,Gilstoun,7847965220,cgilstounhe@behance.net,Zoonder
628,Anaël,Pendered,4337106403,spenderedhf@businessinsider.com,Rhycero
629,Esbjörn,Mc Menamin,4959824962,gmcmenaminhg@geocities.com,Shuffledrive
630,Marie-noël,Cuerda,1169612056,jcuerdahh@cloudflare.com,Brainsphere
631,Rébecca,Ivanyushin,8208363531,rivanyushinhi@yelp.com,Skalith
632,Cloé,Willishire,3487633563,lwillishirehj@google.co.uk,Realbridge
633,Lài,Twidle,3869537921,ttwidlehk@upenn.edu,Topiclounge
634,Garçon,Slarke,7355054846,aslarkehl@phoca.cz,Jaloo
635,Clémence,Millins,8917075140,dmillinshm@businessweek.com,Devbug
636,Örjan,Bygreaves,2104869492,abygreaveshn@tinyurl.com,Dabtype
637,Eugénie,Whissell,1208526783,gwhissellho@bizjournals.com,DabZ
638,Cécile,Camlin,6319704857,dcamlinhp@usnews.com,Voonte
639,Méryl,Sibbson,4778948856,msibbsonhq@behance.net,Aimbo
640,Erwéi,Steane,7348329379,ksteanehr@scribd.com,Roombo
641,Yú,Renouf,5694884649,erenoufhs@aboutads.info,Topdrive
642,Fèi,Eilers,9464356192,leilersht@npr.org,Tagcat
643,Bécassine,Basilio,3983263800,jbasiliohu@google.de,Plambee
644,Mélissandre,Stailey,6166607313,hstaileyhv@whitehouse.gov,Yodo
645,Félicie,Futter,3126149492,cfutterhw@desdev.cn,Youopia
646,Örjan,Denzey,2597470672,jdenzeyhx@bluehost.com,Janyx
647,Eléonore,Udey,4115250390,eudeyhy@newsvine.com,Mudo
648,Clémentine,O'Connell,4044632324,foconnellhz@reddit.com,Bluezoom
649,Tán,Clyburn,3656549883,tclyburni0@un.org,Twinder
650,Athéna,Rentilll,6584258194,drentillli1@tinypic.com,Browseblab
651,Clémentine,Killcross,6549434430,ekillcrossi2@berkeley.edu,Browsecat
652,Zhì,Millthorpe,7013527927,fmillthorpei3@free.fr,Jetwire
653,Célia,O'Keefe,9061157531,pokeefei4@tripadvisor.com,Kamba
654,Aimée,Sendley,1874944779,esendleyi5@unesco.org,Skyba
655,Amélie,Coop,6015563394,fcoopi6@webmd.com,Izio
656,Océanne,Zamboniari,6337879005,dzamboniarii7@flavors.me,Viva
657,Hélène,McGuirk,9076062254,rmcguirki8@pbs.org,Cogilith
658,Yóu,Jenckes,2072439604,bjenckesi9@businessweek.com,Devcast
659,Adèle,De Vaan,4007692112,kdevaania@google.cn,Kwinu
660,Mélodie,O' Ronan,4924946775,toronanib@abc.net.au,Yoveo
661,Marie-ève,Bruggeman,5743556934,sbruggemanic@xing.com,Yozio
662,Bécassine,Delgua,2352789164,mdelguaid@disqus.com,Voonyx
663,Märta,Paulillo,5589123330,mpaulilloie@flickr.com,Tambee
664,Clémentine,Nenci,1336083977,cnenciif@google.pl,Voolia
665,Mélia,Falloon,1951394397,gfalloonig@reuters.com,InnoZ
666,Garçon,Sant,9363462846,hsantih@sphinn.com,Yacero
667,Eloïse,Harwick,3234171085,kharwickii@amazon.co.jp,Skyba
668,Ráo,Belloch,6588757683,cbellochij@indiegogo.com,Skyndu
669,Michèle,Batey,2805446524,hbateyik@hp.com,Trilith
670,Gwenaëlle,Scoyles,1376594277,iscoylesil@godaddy.com,Dazzlesphere
671,Naëlle,Nizard,2361274171,rnizardim@sun.com,Brainverse
672,Tú,Demanche,5537105974,odemanchein@creativecommons.org,Demivee
673,Maïlis,Atte-Stone,9153876603,battestoneio@cafepress.com,Gabspot
674,Bérengère,Franzolini,4233960895,nfranzoliniip@webnode.com,Livetube
675,Cléa,Benford,4853794930,jbenfordiq@ning.com,Yoveo
676,Noëlla,Goodliff,5732693413,sgoodliffir@amazon.de,Photobean
677,Néhémie,Masi,1219237897,ymasiis@berkeley.edu,Riffpedia
678,Josée,Benit,2224033187,abenitit@amazon.co.jp,Skalith
679,Cléa,Trood,9834432540,stroodiu@bravesites.com,Kazu
680,Yóu,Terrelly,9582101771,oterrellyiv@odnoklassniki.ru,Meejo
681,Amélie,Chandler,1349168334,zchandleriw@wsj.com,Skynoodle
682,Méline,Wardlaw,7102852081,gwardlawix@seattletimes.com,Kanoodle
683,Méng,Emanuelli,4668003891,lemanuelliiy@shinystat.com,Brainsphere
684,Dù,Cridlon,3723010225,acridloniz@ustream.tv,Feedfish
685,Amélie,Perett,7895818576,aperettj0@marketwatch.com,Feedfire
686,Gaëlle,Borrill,6564278902,bborrillj1@smugmug.com,Meevee
687,Magdalène,Brady,8771780645,sbradyj2@gov.uk,Aibox
688,Médiamass,Tipler,5804588576,btiplerj3@sogou.com,Riffpath
689,Crééz,Prudence,7134923340,eprudencej4@arizona.edu,Gevee
690,Miléna,Nitti,1765717762,rnittij5@macromedia.com,Quatz
691,Françoise,Tyers,5675414961,btyersj6@google.ru,Edgeclub
692,Cloé,Southard,6103088804,osouthardj7@unicef.org,Riffwire
693,Naëlle,Boules,9542894038,rboulesj8@taobao.com,Feedfire
694,Célestine,Marval,5759940093,rmarvalj9@nymag.com,Agivu
695,Lóng,Simmins,4648111841,msimminsja@ocn.ne.jp,Jayo
696,Ruò,Wrinch,9304726835,awrinchjb@themeforest.net,Topicblab
697,Laurélie,Lockwood,4106742303,mlockwoodjc@uiuc.edu,Skajo
698,Joséphine,Melville,6561092964,bmelvillejd@scribd.com,Tambee
699,Maëline,Kanzler,8552443251,jkanzlerje@squidoo.com,Myworks
700,Gaétane,Kyle,2702587898,ckylejf@cpanel.net,Demizz
701,Erwéi,Egdal,4663148818,degdaljg@microsoft.com,Photobean
702,Gösta,Bedward,3472692898,gbedwardjh@yandex.ru,Leexo
703,Anaé,Manklow,6704941929,fmanklowji@wikipedia.org,Linkbridge
704,Léa,Janew,8821809033,ljanewjj@redcross.org,Jaloo
705,Åsa,Lougheid,2976295945,dlougheidjk@engadget.com,Twinte
706,Personnalisée,Oakwell,2468149785,aoakwelljl@blogtalkradio.com,Jabberstorm
707,Vénus,Cowan,9374480229,hcowanjm@google.fr,Agivu
708,Anaëlle,Honsch,5093230060,khonschjn@gnu.org,Tambee
709,Thérèse,Kelbie,7305239253,pkelbiejo@intel.com,Brainlounge
710,Gwenaëlle,Rotte,7248420842,arottejp@phoca.cz,Riffwire
711,Maëline,D'Agostino,2631031480,rdagostinojq@japanpost.jp,Topdrive
712,Hélène,Muat,7957326857,emuatjr@jugem.jp,Photobug
713,Thérèse,Malzard,1078778728,amalzardjs@upenn.edu,Oba
714,Gaëlle,Diche,1648169274,bdichejt@elegantthemes.com,Jaxbean
715,Marie-hélène,Blacksland,1644310634,kblackslandju@bbc.co.uk,Realcube
716,Styrbjörn,McShirrie,9384124446,smcshirriejv@vistaprint.com,Photobean
717,Garçon,Haccleton,6848706177,shaccletonjw@businessweek.com,Quatz
718,Nadège,Charters,6953739673,mchartersjx@naver.com,Ooba
719,Åke,Guild,2662839136,vguildjy@newyorker.com,Eare
720,Marie-hélène,Brimilcombe,2928756691,vbrimilcombejz@springer.com,Tagfeed
721,Maéna,Drewitt,1891017289,kdrewittk0@ucoz.com,Lajo
722,Noëlla,Rodenburg,8233213472,krodenburgk1@google.com.au,Browsedrive
723,Miléna,Keays,8542562252,okeaysk2@nasa.gov,Skaboo
724,Pål,Strotton,8655266083,nstrottonk3@goo.ne.jp,Browsezoom
725,Cinéma,Warner,6001426575,twarnerk4@seattletimes.com,Oba
726,Zhì,Woodall,9704238821,awoodallk5@fastcompany.com,Omba
727,Kuí,Oury,5144652415,aouryk6@rambler.ru,Browsebug
728,Noémie,McMichell,2408106779,emcmichellk7@hhs.gov,Wikizz
729,Lèi,MacKaig,4802303342,amackaigk8@buzzfeed.com,Brainverse
730,Anaé,Delacourt,8012950044,mdelacourtk9@go.com,Tagcat
731,Loïca,Tanby,5106263629,dtanbyka@imdb.com,Devshare
732,Maëly,Gummie,7836081194,hgummiekb@w3.org,Geba
733,Clémence,Eversley,6154393032,meversleykc@independent.co.uk,Devbug
734,Marie-thérèse,Greir,9306667918,lgreirkd@accuweather.com,Jaxnation
735,Gösta,Beadon,1032755358,abeadonke@oaic.gov.au,Kazu
736,Rébecca,Andreassen,5663745312,vandreassenkf@cam.ac.uk,Tagopia
737,Hélène,Guys,6636850941,wguyskg@google.co.jp,Ailane
738,Maïly,Pearl,1138417877,cpearlkh@pbs.org,Cogilith
739,Stévina,McKendo,5654281722,bmckendoki@wix.com,Agivu
740,Lorène,Iredale,6261124119,siredalekj@google.it,Flipbug
741,Uò,Stepney,3788180161,gstepneykk@booking.com,Eire
742,Véronique,Dixey,2118605798,hdixeykl@multiply.com,Kwilith
743,Méryl,Watford,9155752696,kwatfordkm@walmart.com,Kazio
744,Miléna,Flamank,8933385475,mflamankkn@geocities.jp,Gabvine
745,Maëlla,Darby,8946045983,mdarbyko@soup.io,Nlounge
746,Adèle,Kohring,6814709467,skohringkp@pbs.org,Thoughtstorm
747,Maëlann,Radnedge,3769508268,lradnedgekq@blogger.com,Gabvine
748,Cécilia,Tixall,3951981515,ltixallkr@issuu.com,Talane
749,Bérangère,Gommey,2757389457,agommeyks@columbia.edu,Realcube
750,Marlène,Skittreal,6022727370,bskittrealkt@patch.com,Rhycero
751,Régine,Gladden,9103692732,agladdenku@bluehost.com,Zazio
752,Åsa,Batts,2102912317,rbattskv@ycombinator.com,Zava
753,Aí,Whitwell,4416221593,awhitwellkw@yandex.ru,Meemm
754,Océane,Wilkisson,2277032046,wwilkissonkx@spotify.com,Twimm
755,Josée,Passmore,3262648350,bpassmoreky@engadget.com,Skilith
756,Joséphine,Poizer,2526459009,spoizerkz@google.it,Linkbridge
757,Mén,Kyston,5274014744,akystonl0@163.com,Skyvu
758,Andréa,Eskriett,4316191105,meskriettl1@washington.edu,Twitterbeat
759,Renée,Glaum,8463218086,nglauml2@chron.com,Meevee
760,Maïté,Jinkinson,5796986693,jjinkinsonl3@hao123.com,Yabox
761,Esbjörn,Ollet,1057326561,kolletl4@wordpress.org,Twitterworks
762,Mélys,Mardling,1239053539,tmardlingl5@dailymotion.com,Twimbo
763,Bérénice,Tailour,8296674181,rtailourl6@accuweather.com,Photolist
764,Nélie,Ordish,8774325802,rordishl7@wikispaces.com,Oyoba
765,Gwenaëlle,Caps,9359399360,ucapsl8@senate.gov,Skipstorm
766,Josée,Matusson,1175447750,dmatussonl9@flavors.me,Kwilith
767,Mélina,Dwane,3482170808,edwanela@com.com,Realfire
768,Pò,Gifkins,4653489914,jgifkinslb@51.la,Eamia
769,Gisèle,Elintune,9164031511,oelintunelc@wired.com,Realbuzz
770,Vérane,Niesegen,2139897306,jniesegenld@gov.uk,Ailane
771,Valérie,Badam,8993100350,mbadamle@altervista.org,Browseblab
772,Marlène,Chipchase,3391991367,tchipchaself@earthlink.net,Meedoo
773,Wá,Govey,7697964054,kgoveylg@lycos.com,Centizu
774,Renée,Obell,9796226050,wobelllh@desdev.cn,Chatterpoint
775,Rachèle,Silk,1919227932,ssilkli@upenn.edu,Yodo
776,Måns,Haberfield,6369300422,bhaberfieldlj@php.net,Dablist
777,Andrée,Jansens,3946229138,bjansenslk@squarespace.com,Avamm
778,Médiamass,MacGinney,7224066966,rmacginneyll@geocities.jp,Skinix
779,Lorène,McPhelimy,9773564192,rmcphelimylm@sohu.com,Tanoodle
780,Hélène,Eglinton,9341296527,aeglintonln@wufoo.com,Tagchat
781,Erwéi,Venny,2598471584,rvennylo@amazon.co.uk,Trupe
782,Nuó,Burchatt,2102018505,cburchattlp@discovery.com,Jayo
783,Andréanne,Mattimoe,6276138176,tmattimoelq@slate.com,Yata
784,Wá,Joynson,6041318149,mjoynsonlr@php.net,Plambee
785,Gérald,Mottley,3907603427,dmottleyls@trellian.com,Reallinks
786,Léana,Rhodus,9898003495,trhoduslt@cloudflare.com,Katz
787,Thérèsa,Ordemann,2497621406,cordemannlu@bravesites.com,Realmix
788,André,Rait,9068022684,traitlv@patch.com,Thoughtstorm
789,Léa,Amott,1618368289,jamottlw@jalbum.net,Ntag
790,Märta,Karlolczak,2176223854,dkarlolczaklx@smugmug.com,Wikido
791,Félicie,Stammer,1748454722,nstammerly@globo.com,Realfire
792,Marlène,McBrearty,4497871680,smcbreartylz@ibm.com,Oyondu
793,Léa,Bisley,9221292286,cbisleym0@tinypic.com,Yodo
794,Cécile,Glaves,8124539510,nglavesm1@ameblo.jp,Thoughtstorm
795,Pénélope,Asp,1214908618,caspm2@ucsd.edu,Thoughtsphere
796,Gösta,Madeley,5647070651,gmadeleym3@bloomberg.com,Innojam
797,Mélissandre,Folbige,8181019636,nfolbigem4@addthis.com,Eayo
798,Yú,Cuttell,9289737165,tcuttellm5@booking.com,Blognation
799,Gösta,Sleit,5735191966,ssleitm6@yale.edu,Browseblab
800,Loïc,Bullene,2636269304,pbullenem7@economist.com,Fadeo
801,Néhémie,Genney,6439550647,egenneym8@mysql.com,Yabox
802,Noëlla,Caughtry,8022732220,bcaughtrym9@msu.edu,Yodel
803,Marie-noël,Vasyukhin,8625975523,gvasyukhinma@upenn.edu,Feedspan
804,Kallisté,Michael,7428900675,amichaelmb@sina.com.cn,Jazzy
805,Célestine,Scholfield,7596403782,ascholfieldmc@comsenz.com,Fliptune
806,Annotée,Barten,8605601677,rbartenmd@yahoo.com,Camido
807,Ophélie,Stribling,5944500058,nstriblingme@dropbox.com,Mycat
808,Intéressant,Greeson,5675350528,dgreesonmf@ftc.gov,Agimba
809,Rachèle,Bill,8562864730,abillmg@un.org,Oyoloo
810,Dorothée,Muller,6785045780,fmullermh@army.mil,Buzzdog
811,Renée,Beavers,2744006758,abeaversmi@yolasite.com,Ozu
812,Tán,Jaslem,7961238150,sjaslemmj@merriam-webster.com,Yakijo
813,Athéna,Goschalk,8109587137,fgoschalkmk@yahoo.com,Youspan
814,Hélèna,Tollady,2034566649,mtolladyml@geocities.com,Lazz
815,Lorène,Ivashkov,5011093770,nivashkovmm@networkadvertising.org,Thoughtbeat
816,Josée,Rennock,3878847292,prennockmn@virginia.edu,Kwilith
817,Dafnée,Queenborough,3552673265,mqueenboroughmo@hubpages.com,Linkbuzz
818,Lorène,Lowdyane,1678368680,clowdyanemp@uiuc.edu,Youopia
819,Léonore,Proske,6254462646,sproskemq@liveinternet.ru,Zoomcast
820,Bérénice,Mingay,8904224061,imingaymr@ted.com,Eabox
821,Mahélie,Grigoletti,1156291496,cgrigolettims@skype.com,Pixoboo
822,Andréanne,Smaridge,4679876393,dsmaridgemt@wisc.edu,Devcast
823,Lyséa,Tellwright,7974147118,etellwrightmu@reuters.com,Twitterbeat
824,Athéna,Orht,7392300159,rorhtmv@tinypic.com,Devshare
825,Almérinda,Garrick,1817280256,egarrickmw@posterous.com,Tazz
826,Desirée,Gingel,3503287278,kgingelmx@360.cn,Topicstorm
827,Renée,Nassi,5587985977,vnassimy@over-blog.com,Twimm
828,Joséphine,Placide,9442894448,eplacidemz@google.com.hk,Vitz
829,Dà,Harlock,1801322239,mharlockn0@ft.com,Skippad
830,Kévina,Pietersen,7477819631,bpietersenn1@vkontakte.ru,Digitube
831,Renée,Epple,3275015841,mepplen2@ustream.tv,Nlounge
832,Lén,Yanshonok,5292065216,nyanshonokn3@cbslocal.com,Twitternation
833,Miléna,Haxley,3873980655,phaxleyn4@mail.ru,Zoovu
834,Frédérique,Willshaw,7128950778,mwillshawn5@mit.edu,Tagfeed
835,Faîtes,Yeeles,4335565103,myeelesn6@ifeng.com,Topicshots
836,Méghane,Scotchmor,3224249218,ascotchmorn7@vkontakte.ru,Leexo
837,Fèi,Dat,8409449285,adatn8@miitbeian.gov.cn,Jabberstorm
838,Irène,Piggen,6904618045,tpiggenn9@paypal.com,Topicstorm
839,Cloé,Chastenet,1371047795,dchastenetna@dedecms.com,Zazio
840,Réjane,Wewell,9343955973,jwewellnb@nps.gov,Mydeo
841,Anaé,Swain,1866871478,gswainnc@exblog.jp,Eadel
842,Eléonore,Humphries,4731957602,hhumphriesnd@angelfire.com,Quatz
843,Thérèsa,Wince,2178792004,hwincene@prlog.org,Eimbee
844,Marie-ève,Costellow,5864027740,wcostellownf@behance.net,Vitz
845,Daphnée,Radage,8409847064,wradageng@php.net,Camido
846,Régine,Dumigan,8339150785,vdumigannh@histats.com,Rhycero
847,Dorothée,Rimmer,9755524619,primmerni@amazon.de,Oyondu
848,Léandre,Drohane,9619608710,hdrohanenj@youtube.com,Vinder
849,Noëlla,Braybrooks,6215172830,nbraybrooksnk@dot.gov,Blogtag
850,Tú,Spurr,5542305542,jspurrnl@shop-pro.jp,Twimbo
851,Maï,Cadwaladr,7885374331,acadwaladrnm@weather.com,Mydo
852,Cécilia,Caldera,2541385577,wcalderann@skyrock.com,Feednation
853,Nadège,Skouling,2287834813,rskoulingno@marketwatch.com,Tagopia
854,Björn,Prevett,1881658356,jprevettnp@dot.gov,Dynazzy
855,Lén,Dyhouse,2282161731,tdyhousenq@fda.gov,Gigazoom
856,Médiamass,Gerbel,3997532713,fgerbelnr@arstechnica.com,Oyondu
857,Pål,Heilds,9165044286,theildsns@godaddy.com,Quinu
858,Marie-noël,Rosenhaus,4994715026,arosenhausnt@goodreads.com,Camimbo
859,Médiamass,Sherlock,7136146399,msherlocknu@usda.gov,Fivebridge
860,Wá,Studeart,2997669050,sstudeartnv@themeforest.net,Browseblab
861,Bécassine,Biffin,7003814153,ebiffinnw@technorati.com,Wordify
862,Yénora,Pavic,8532753349,zpavicnx@smh.com.au,Browseblab
863,Aurélie,Shadrach,8292835281,ashadrachny@pcworld.com,Edgetag
864,Béatrice,Ridger,5764143056,jridgernz@home.pl,Youbridge
865,Maëlann,Carillo,4435812339,dcarilloo0@github.com,Youtags
866,Françoise,Rust,7718489130,drusto1@dmoz.org,Buzzshare
867,Maëlann,Batisse,3149920090,kbatisseo2@tripadvisor.com,Dabvine
868,Pò,Dulwich,5744769874,wdulwicho3@intel.com,Demimbu
869,Lén,Readhead,7267297786,breadheado4@nyu.edu,Mita
870,Hélèna,Andrioni,1924560278,oandrionio5@icq.com,Voolia
871,Almérinda,Spirritt,2663962965,bspirritto6@bluehost.com,Fatz
872,Félicie,Buyers,2637089042,rbuyerso7@edublogs.org,Edgeclub
873,Daphnée,Kettley,3838585908,bkettleyo8@cbc.ca,Thoughtworks
874,Athéna,Leat,5698464341,mleato9@cbc.ca,Jaxbean
875,Aloïs,Vipan,3719037983,avipanoa@topsy.com,Twinder
876,Cunégonde,Hexum,5999523526,lhexumob@histats.com,Kamba
877,Edmée,Crudginton,2976439384,lcrudgintonoc@nasa.gov,Skipstorm
878,Marie-thérèse,Whitney,1637158972,cwhitneyod@deviantart.com,Dabshots
879,Mà,Potteril,5706845701,ppotteriloe@gov.uk,Skalith
880,Geneviève,Woofinden,4767106143,wwoofindenof@shutterfly.com,Gabvine
881,Anaëlle,Verrick,7573209851,averrickog@cnet.com,Katz
882,Mélissandre,Leehane,4981676703,rleehaneoh@narod.ru,Ailane
883,Nuó,Pethrick,5052529702,dpethrickoi@marriott.com,Twitterworks
884,Béatrice,Garey,2398414104,agareyoj@rambler.ru,Skyba
885,Liè,Font,1921190309,gfontok@indiegogo.com,Photobug
886,Josée,Grenville,7028235911,egrenvilleol@independent.co.uk,Jabbersphere
887,Rachèle,Warbys,3927858148,awarbysom@zimbio.com,Gabvine
888,Almérinda,Borham,6192738064,cborhamon@feedburner.com,Zoomdog
889,Méryl,Bernth,9885619952,gbernthoo@ovh.net,Bluezoom
890,Noëlla,Ales,3695285350,malesop@globo.com,Oyoyo
891,Rébecca,Brunskill,9696674418,dbrunskilloq@gnu.org,Trupe
892,Yè,Luipold,2609700161,wluipoldor@jigsy.com,Zoozzy
893,Aloïs,Marczyk,7022481334,smarczykos@plala.or.jp,Einti
894,Gaëlle,Smurfit,3396523807,rsmurfitot@deviantart.com,Meevee
895,Marie-françoise,Le Breton,7682642615,alebretonou@odnoklassniki.ru,Realbridge
896,Lóng,Sings,5834610286,ssingsov@amazon.com,Dabshots
897,Andréanne,Goldfinch,2951754138,sgoldfinchow@about.com,Fanoodle
898,Björn,Gliddon,8112842242,cgliddonox@time.com,Vipe
899,Andréanne,Oseland,2881671221,loselandoy@dedecms.com,Flashpoint
900,Garçon,Loyley,5465958485,cloyleyoz@livejournal.com,Eire
901,Véronique,Kunkler,7263417330,akunklerp0@harvard.edu,Oyoyo
902,Adèle,Casel,9202818048,mcaselp1@github.io,Ntag
903,Maïwenn,Baiden,2681545167,abaidenp2@ocn.ne.jp,Zooxo
904,Gaïa,Wollard,4793763711,hwollardp3@4shared.com,Vitz
905,Naëlle,Bradmore,9119363241,hbradmorep4@desdev.cn,Yamia
906,Athéna,Croux,6921465763,dcrouxp5@theglobeandmail.com,Cogilith
907,Médiamass,Ech,1692719008,iechp6@1688.com,Gigazoom
908,Eléa,Mardy,6883536736,hmardyp7@cisco.com,Flashspan
909,Mylène,Cargen,2888593166,gcargenp8@simplemachines.org,Dynava
910,Clémence,Bunhill,7028826934,gbunhillp9@wp.com,Zoonder
911,Maï,Selborne,6628585461,cselbornepa@hugedomains.com,Oyonder
912,Léa,Gimbrett,3201160697,hgimbrettpb@elegantthemes.com,Skalith
913,Léa,Cotherill,4928505279,lcotherillpc@4shared.com,Realcube
914,Hélèna,Townes,4785528997,ktownespd@netscape.com,Jabberbean
915,Noëlla,Turn,7787875503,qturnpe@foxnews.com,Devpulse
916,Mélinda,Kinder,3613897983,vkinderpf@prlog.org,Podcat
917,Bécassine,Edmead,5725118097,ledmeadpg@shutterfly.com,Dynazzy
918,Mà,Paulich,3903120062,npaulichph@weebly.com,Zoonder
919,Laurène,Balmann,7215938502,rbalmannpi@oaic.gov.au,Kare
920,Danièle,Stilly,4522984751,kstillypj@tinypic.com,Pixoboo
921,Céline,Headington,9988959815,sheadingtonpk@eventbrite.com,Zazio
922,Océane,Kinworthy,8411350901,jkinworthypl@umich.edu,Devpoint
923,Cloé,Stiddard,3202280237,estiddardpm@amazon.co.jp,Riffwire
924,Mégane,Jerrom,6309084922,ljerrompn@theglobeandmail.com,Trudoo
925,Wá,Abeles,3265282285,mabelespo@google.es,Zoonder
926,Cécilia,Lefeaver,4295643034,dlefeaverpp@utexas.edu,Thoughtbridge
927,Mahélie,Maas,5624458640,rmaaspq@ibm.com,Miboo
928,Eliès,Leaman,9722879905,xleamanpr@sun.com,Divape
929,Alizée,Peron,2851202081,aperonps@odnoklassniki.ru,Dabjam
930,Véronique,Balcombe,9397034376,tbalcombept@who.int,Oloo
931,Gwenaëlle,Rubinov,4291181383,arubinovpu@discuz.net,Skyba
932,Méng,Felkin,8029524585,afelkinpv@cyberchimps.com,Twitterbridge
933,Estève,McPhee,3814057034,amcpheepw@posterous.com,Trilia
934,Léonore,Brocklesby,1903286308,mbrocklesbypx@omniture.com,Ozu
935,Dafnée,Guiton,5227069218,nguitonpy@wiley.com,Voomm
936,Yóu,Coite,5528424794,lcoitepz@youtu.be,Cogidoo
937,Zoé,Brandsen,1316870669,lbrandsenq0@nhs.uk,Quaxo
938,Léone,Drinkale,8192571529,kdrinkaleq1@google.com.br,Bluezoom
939,Maéna,Scothron,9497760400,fscothronq2@noaa.gov,Buzzshare
940,Maëlle,Yearby,8555507107,byearbyq3@hugedomains.com,Eidel
941,Marie-françoise,Beldan,7076931760,vbeldanq4@gov.uk,Browseblab
942,Görel,Woodings,8081942721,rwoodingsq5@bing.com,Babbleset
943,Méline,Hassall,2788922110,bhassallq6@berkeley.edu,Photobug
944,Pål,Acock,5547337535,aacockq7@g.co,Quinu
945,Publicité,Godney,2022017150,cgodneyq8@google.co.uk,Centimia
946,Léonore,Itzcak,2486307250,ditzcakq9@aboutads.info,Jaloo
947,Tú,Eixenberger,4957058815,veixenbergerqa@4shared.com,Tavu
948,Anaëlle,Estevez,8289184050,eestevezqb@reference.com,Kwilith
949,Mà,Monro,8621791983,mmonroqc@vinaora.com,Chatterbridge
950,Publicité,Korda,3257121325,hkordaqd@army.mil,Buzzbean
951,Néhémie,Chasteau,5595135683,vchasteauqe@php.net,Avamm
952,Chloé,Instrell,7538586825,minstrellqf@seattletimes.com,Gigazoom
953,Aurélie,Brigman,1897064054,bbrigmanqg@studiopress.com,Jaloo
954,Laurélie,Osgardby,8595022196,hosgardbyqh@examiner.com,Midel
955,Kuí,Cassius,4561029345,pcassiusqi@blogtalkradio.com,Fliptune
956,Lén,Redler,4007694977,nredlerqj@ocn.ne.jp,Skilith
957,Bérengère,Whardley,5955769814,lwhardleyqk@mapquest.com,Twinte
958,Åslög,Lichfield,2624314279,dlichfieldql@slate.com,Kwinu
959,Dafnée,Windrus,8859623501,nwindrusqm@themeforest.net,Shuffledrive
960,Vénus,Neale,7893257017,dnealeqn@yandex.ru,Tagchat
961,Michèle,Duckworth,1804899955,mduckworthqo@yelp.com,Yodo
962,Lóng,Yurinov,3494562953,qyurinovqp@bigcartel.com,Devcast
963,Méng,Kett,7606310690,fkettqq@hugedomains.com,Myworks
964,Rachèle,Snalham,9249393271,psnalhamqr@mit.edu,LiveZ
965,Aloïs,Vyse,9834948432,dvyseqs@squarespace.com,Topicstorm
966,Stévina,Vakhrushin,8455623078,dvakhrushinqt@gov.uk,Agivu
967,Amélie,Brien,2514482960,kbrienqu@oakley.com,Yata
968,Clélia,Sperrett,2713321630,vsperrettqv@aboutads.info,Zoozzy
969,Marie-hélène,Rathbourne,1476001910,hrathbourneqw@slashdot.org,Gabvine
970,Loïca,Steffan,5667417328,ksteffanqx@va.gov,Oodoo
971,Aloïs,Koubu,2652277589,skoubuqy@wired.com,Flipbug
972,Léane,Smewing,8585667244,jsmewingqz@cnbc.com,Youtags
973,Séréna,Rowlands,3646593601,krowlandsr0@ft.com,Yacero
974,Andréanne,Shellibeer,9879435097,mshellibeerr1@ca.gov,Centizu
975,Anaël,Hemeret,6894938570,chemeretr2@boston.com,Divape
976,Loïc,Stanley,9336804701,istanleyr3@shop-pro.jp,Devcast
977,Océane,Humphrys,6243677636,rhumphrysr4@who.int,Feednation
978,Marie-françoise,Kilgallon,2808758273,ckilgallonr5@instagram.com,Tambee
979,Yóu,Maudson,2067409592,cmaudsonr6@marketwatch.com,Trilith
980,Agnès,Fowlds,9512142443,kfowldsr7@diigo.com,Brainbox
981,Garçon,Briggs,5973504974,lbriggsr8@senate.gov,Twitterlist
982,Cléopatre,Shaughnessy,6475393932,jshaughnessyr9@ihg.com,Zoonoodle
983,Bénédicte,Bottell,8958914133,pbottellra@ocn.ne.jp,Thoughtworks
984,Rachèle,Carluccio,7778162983,vcarlucciorb@unicef.org,Oyoloo
985,Maï,Nickolls,9828071654,tnickollsrc@state.gov,Realfire
986,Miléna,Flaherty,7405734931,tflahertyrd@sciencedaily.com,Vinder
987,Yáo,Hartly,7576313379,rhartlyre@feedburner.com,Camimbo
988,Liè,Biesinger,9604644571,bbiesingerrf@amazon.com,Livetube
989,Maïlys,Shimuk,3978640388,sshimukrg@yelp.com,Gabtune
990,Lén,Piser,6634877541,rpiserrh@delicious.com,Kare
991,Frédérique,Segot,8364211498,dsegotri@washington.edu,Aimbo
992,Kù,Demangeot,5675919068,cdemangeotrj@clickbank.net,Skipfire
993,Thérèsa,Custard,4291530077,ccustardrk@ox.ac.uk,Devify
994,Geneviève,Plaxton,3118568424,dplaxtonrl@blog.com,Tazzy
995,Ruò,Rathjen,2849939686,trathjenrm@ucoz.ru,Wikibox
996,Gérald,Louedey,3495398480,clouedeyrn@utexas.edu,Tagtune
997,Björn,Palombi,8866248402,ppalombiro@google.de,Aimbu
998,Inès,Leades,3783119797,rleadesrp@over-blog.com,Devify
999,Ráo,Vannikov,8134163298,jvannikovrq@xing.com,Twitterbridge
1000,Angèle,Ashlee,6106340844,hashleerr@nsw.gov.au,Aimbo
